,P_ORG,O_NAME_ONE
0,INVITATION HOMES,2017-2 IH BORROWER LP
1,SHERLOCK HOMES REALTY,WALTER PROPERTIES LLC
2,DEMAREE LC,DEMAREE LC
3,TRICON AMERICAN HOMES,TAH 2017-1 BORROWER LLC
4,SCHARBCO INVESTMENTS LLC,SCHARBCO INVESTMENTS LLC
5,INVITATION HOMES,2018-3 IH BORROWER LP
6,H&A DIAZ 5 LLC,H&A DIAZ 5 LLC
7,INVITATION HOMES,2017-1 IH BORROWER LP
8,INVITATION HOMES,STAR 2021-SFR1 BORROWER LP
9,RED DOOR ASSETS LLC,RED DOOR ASSETS LLC
10,NO HASSLE CASH SALE AZ LLC,NO HASSLE CASH SALE AZ LLC
12,STREETLANE HOMES,RS XII PHOENIX OWNER 2 LP
13,INVITATION HOMES,THR PHOENIX LP
14,PROGRESS RESIDENTIAL,PROGRESS RESIDENTIAL BORROWER 19 LLC
15,STREETLANE HOMES,RSTK PHOENIX OWNER 1 LP
16,FIRSTKEY HOMES,FKH SFR C1 LP
17,INVITATION HOMES,2018-1 IH BORROWER LP
18,EQUITY TRUST COMPANY,EQUITY TRUST COMPANY
19,STARDOM REAL ESTATE LLC,STARDOM REAL ESTATE LLC
20,ATLAS RESIDENTIAL LLC,ATLAS RESIDENTIAL LLC
21,AZIMUTH PROPERTY I LLC,AZIMUTH PROPERTY I LLC
23,AMW001 LLC,AMW001 LLC
25,THE ENTRUST GROUP ,ENTRUST GROUP INC
27,RENU PROPERTY MANAGEMENT,CROWNE PROPERTY ACQUISITIONS LLC
29,PROGRESS RESIDENTIAL,PROGRESS RESIDENTIAL BORROWER 5 LLC
30,E LAZY S APACHE JUNCTION LP,E LAZY S APACHE JUNCTION LP
31,,LIVINGSTON ACQUISITIONS I LLC
34,LINCK HOLDINGS LLC,LINCK HOLDINGS LLC
35,THE AMHERST GROUP LLC,VM PRONTO LLC
36,TRICON AMERICAN HOMES,TAH 2017-2 BORROWER LLC
39,INVITATION HOMES,THR PHOENIX LLC
40,STREETLANE HOMES,RS XII PHOENIX OWNER 1 LP
42,PROGRESS RESIDENTIAL,PROGRESS RESIDENTIAL BORROWER 15 LLC
43,WIRELESS DEVICES INC,WIRELESS DEVICES INC
44,THE AMHERST GROUP LLC,VM MASTER ISSUER LLC
46,THE AMHERST GROUP LLC,BAF 3 LLC
47,FRANK WEST CAPITAL LLC,FRANK WEST CAPITAL LLC
48,MTB INVEST LLC,MTB INVEST LLC
49,MY COMMUNITY HOMES,MCH SFR PROPERTY OWNER 3 LLC
50,PATHWAY HOMES,RESI LABS PATHWAY HOMES BUYER LP
52,HOME PARTNERS / PATHLIGHT PROPERTY MANAGEMENT,SFR ACQUISITIONS 1 LLC
53,PHOENICIAN INVESTMENT GROUP LLC,PHOENICIAN INVESTMENT GROUP LLC
54,4G INVESTMENTS LLC,4G INVESTMENTS LLC
55,YAMASA CORPORATION,YAMASA CO LTD
59,INVITATION HOMES,STAR 2022-SFR3 BORROWER LP
61,TRICON AMERICAN HOMES,TAH 2018-1 BORROWER LLC
65,E & R INVESTMENT PROPERTIES LLC,E & R INVESTMENT PROPERTIES LLC
66,STREETLANE HOMES,RS XII NM PHOENIX OWNER 1 LP
68,GREY TROUT HOLDINGS LLC,GREY TROUT HOLDINGS LLC
69,PROGRESS RESIDENTIAL,MILE HIGH BORROWER 1 VALUE LLC
70,,VALLEY VISTA PROPERTIES LLC
71,THE AMHERST GROUP LLC,RH PARTNERS OWNERCO LLC
72,TRICON AMERICAN HOMES,TAH MS BORROWER LLC
73,THE AMHERST GROUP LLC,CPI AMHERST SFR PROGRAM OWNER LLC
74,ENCINAS-RIOS INVESTMENTS LLC,ENCINAS-RIOS INVESTMENTS LLC
75,AMERICAN HOMES 4 RENT,ARP 2014-1 BORROWER LLC
76,AAA IP-10 LLC,AAA IP-10 LLC
78,OBELISK APARTMENTS LLC,OBELISK APARTMENTS LLC
79,PROGRESS RESIDENTIAL,PROGRESS RESIDENTIAL HVH BORROWER LLC
80,AMERICAN HOMES 4 RENT,AH4R PROPERTIES TWO LLC
82,HUDSON HOMES,HUDSON SFR PROPERTY HOLDINGS II LLC
86,PROGRESS RESIDENTIAL,PROGRESS RESIDENTIAL 2015-1 BORROWER LLC
88,PROGRESS RESIDENTIAL,PROGRESS RESIDENTIAL BORROWER 12 LLC
92,RENTERS WAREHOUSE,PINE GROVE RESIDENTIAL FUNDING I LLC
94,PRAGATI INVESTMENTS LLC,PRAGATI INVESTMENTS LLC
98,AMERICAN HOMES 4 RENT,RJ AMERICAN HOMES 4 RENT ONE LLC
99,STARDOM REAL ESTATE LLC,STARDOM RENTALS 2 LLC
103,REEM LLC,REEM LLC
106,MINETTI HOLDINGS LLC,MINETTI HOLDINGS LLC
107,VILLAGE HOLDINGS LLC,VILLAGE HOLDINGS LLC
108,AMERICAN HOMES 4 RENT,AMERICAN RESIDENTIAL LEASING COMPANY LLC
110,AMERICAN HOMES 4 RENT,AMH 2014-1 BORROWER LLC
112,WERBER REI LLC,WERBER REI LLC
114,HARMONY PROPERTY INVESTMENT LLC,HARMONY PROPERTY INVESTMENT LLC
115,METROPOLITAN REAL ESTATE,RED GROUND EQUITIES LP
118,HOME PARTNERS / PATHLIGHT PROPERTY MANAGEMENT,SFR ACQUISITIONS 2 LLC
119,KACK ENTERPRISES LLC,KACK ENTERPRISES LLC
122,DEVAFILL USA LLC,DEVAFILL USA LLC
123,PROGRESS RESIDENTIAL,PROGRESS RESIDENTIAL BORROWER 16 LLC
125,TRICON AMERICAN HOMES,TRICON SFR 2020-2 BORROWER LLC
126,PROGRESS RESIDENTIAL,PROGRESS RESIDENTIAL BORROWER 14 LLC
127,PROGRESS RESIDENTIAL,PROGRESS RESIDENTIAL BORROWER 4 LLC
128,INVITATION HOMES,2018-4 IH BORROWER LP
129,COLD RIVER PARTNERS,SFR INVESTMENTS I LLC
130,URBAN POINTE PROPERTIES,DESERT POINTE PROPERTIES LLC
132,,BELLAVIEW LLC
133,INVITATION HOMES,STAR 2021-SFR2 BORROWER LP
134,STARDOM REAL ESTATE LLC,STARDOM REALTY LLC
138,STU16 LLC,STU16 LLC
140,TJRV LLC,TJRV LLC
141,CHRC HOLDINGS LLC,PHOENIX PROPERTY MANAGEMENT 7 LLC
142,HORIZON FINANCIAL MANAGEMENT,SCI FINANCIAL LLC
146,INVITATION HOMES,2018-2 IH BORROWER LP
148,HORIZON FINANCIAL MANAGEMENT,CONTINENTAL FINANCIAL LLC
149,LIVINGSTON ACQUISITION I LLC,LIVINGSTON ACQUISITION I LLC
151,,JP MARKO HOLDINGS LLC
152,KOOL HOLDING CORPORATION,KOOL HOLDING CORPORATION
153,CRISMO RENTALS LLC,CRISMO RENTALS LLC
154,,LIVINGSTON 3 LLC
155,,RE-09 HOLDINGS LLC
156,,GONGOR DE1 LLC
157,PARRY HOLDINGS CORP,ARIANA HOLDINGS LLC
160,RUSSELL IV PROPERTIES LLC,RUSSELL IV PROPERTIES LLC
161,,JADE PROSPERITY INVESTMENTS 7 LLC
162,EQUITY FINANCIAL LLC,EQUITY FINANCIAL LLC
165,,ADMIRALITY INVESTMENTS LLC
166,GAMARE HOLDINGS LLC,GAMARE HOLDINGS LLC
169,,MMF PROPERTIES LLC
174,INVITATION HOMES,SWH 2017-1 BORROWER LP
175,,LYNN COLE CAPITAL CORPORATION
176,RESICAP,RESICAP ARIZONA OWNER II LLC
177,,MI CASITA LLC
178,,R E P REAL ESTATE PORTFOLIO PLLC
179,JD AZPROPERTIES LP,JD AZPROPERTIES LP
183,THE TOLLSTRUP GROUP,EQUITY SPRINGS 5 LLC
184,THOLIUS INVESTMENTS LLC,THOLIUS INVESTMENTS LLC
185,,SEMINOLE INVESTMENT VENTURES LLC
188,,HDB PROPERTIES LLC
189,RENU PROPERTY MANAGEMENT,PAGAYA SMARTRESI F1 FUND PROPERTY OWNER III L
191,SCOTTSDALE LUXURY GROUP,CHODOCK HOLDINGS NO2 LLC
192,TRIBECA LLC,TRIBECA LLC
194,ATLAS REAL ESTATE,DWF VI ATLAS SFR - AZ LLC
197,SSCJP MANAGEMENT LLC,SSCJP MANAGEMENT LLC
207,INVITATION HOMES,IH2 PROPERTY BORROWER LP
208,PACIFICA COMPANIES LLC,PACIFICA CONSOLIDATED ASSETS LLC
213,F&S LAND CO LLC,F&S LAND CO LLC
214,AMI PROPERTY MANAGEMENT LLC,AMI PROPERTY MANAGEMENT LLC
217,ALPHA HOMES MANAGEMENT INC,JADIS HOME RENTALS LLC
218,INVEST IN YOURSELF LLC,INVEST IN YOURSELF LLC
219,ALPHA HOMES MANAGEMENT INC,DANELILY HOME RENTALS LLC
220,INVITATION HOMES,2013-1 IH BORROWER LP
221,GTO PROPERTY INVESTMENTS LLC,GTO PROPERTY INVESTMENTS LLC
222,,TWO BROTHERS PROPERTIES LLC
223,JASSO FAMILY LLC,JASSO FAMILY LLC
224,SOCIAL HOUSES LLC,SOCIAL HOUSES LLC
228,,VICTORIA GROUP LLC
229,MORNINGSIDE FUNDING LLC,MORNINGSIDE FUNDING LLC
231,ALANROS LLC,ALANROS LLC
232,URBAN POINTE PROPERTIES,ARIP LLC
235,HAVEN BROOK HOMES,HOME SFR BORROWER IV LLC
236,,SALAZAR PROPERTIES LLC
237,AVENUE ONE,RS RENTAL III-A LLC
239,SOLID ESTATE REMODELING & INVESTMENT LLC,SOLID ESTATE REMODELING & INVESTMENT LLC
243,INA INVESTING LLC,INA INVESTING LLC
244,,CHICO VENTURES V LLC
252,THE AMHERST GROUP LLC,ARVM 5 LLC
253,HORIZON FINANCIAL MANAGEMENT,NATIONWIDE ASSETS LLC
254,,CRYSTAL CREEK HOLDINGS LLC
259,RENTERS WAREHOUSE,PAGAYA SMARTRESI F1 FUND PROPERTY OWNER II LL
260,WEW INVESTMENTS LLC,WEW INVESTMENTS LLC
261,INCA PROPERTIES LLC,INCA PROPERTIES LLC
264,ALPHA HOMES MANAGEMENT INC,BELLFLOWER HOME RENTALS LLC
265,FIRSTKEY HOMES,FKH SFR PROPCO B-HLD LP
275,SPARKY RENTALS LLC,SPARKY RENTALS LLC
277,B+Y TWO LLC,B+Y TWO LLC
280,,6707 LLC
283,,NATIONWIDE ASSET LLC
285,MORTGAGE NETWORK INC,MORTGAGE NETWORK INC
286,NISKY CC LLC,NISKY CC LLC
288,LEO HOLDINGS LLC,LEO HOLDINGS LLC
289,WINDSOR CARE LLC,WINDSOR CARE LLC
290,,LARKIN STREET HOMES LLC
291,VENUS PROPERTIES LLC,VENUS PROPERTIES LLC
292,MARKET EDGE REALTY LLC,INDIO 2 LLC
293,,YOSEMITE CAPITAL LLC
295,FIRSTKEY HOMES,CERBERUS SFR HOLDINGS LP
301,,SURGES INVESTMENTS LLC
302,METROPOLITAN REAL ESTATE,HEE VEE & VEE LP
303,,REDSTONE PROPERTIES LLC
304,ALPHA HOMES MANAGEMENT INC,APRICOT HOME RENTAL LLC
305,HORIZON FINANCIAL MANAGEMENT,EAST ROCK FINANCIAL LLC
307,NATIONAL ADVISORS TRUST COMPANY,NATIONAL ADVISORS TRUST COMPANY
309,,D&M HOMES LLC
310,MARKET EDGE REALTY LLC,15 UP-VW ENTERPRISES LLC
311,PIEDRA LLC,PIEDRA LLC
312,EMERGENCY HOME RESCUE LLC,EMERGENCY HOME RESCUE LLC
316,,OAKLEAF LLC
317,,LUCROSUS INVESTMENTS LLC
320,RENU PROPERTY MANAGEMENT,BOULTON PROPERTIES LLC
323,NGP INVESTMENT GROUP LLC,NGP INVESTMENT GROUP LLC
326,,F AND S LAND CO LLC
338,TRICON AMERICAN HOMES,TAH MS-2 BORROWER LLC
339,OZVEST PROPERTY,OZVEST INC
343,,LUCKY HOUSE LLC
353,,WAVERLY TWO LLC
355,AZ RENTAL PROPERTIES LLC,AZ RENTAL PROPERTIES LLC
360,,ARIZONA ACQUISITION ENTERPRISES LLC
361,REOMJB LLC,REOMJB LLC
363,LA CASITA PROPERTIES LLC,LA CASITA PROPERTIES LLC
367,CERECERES BROTHERS LLC,CERECERES BROTHERS LLC
369,BEGON INVESTMENTS LLC,BEGON INVESTMENTS LLC
371,MY COMMUNITY HOMES,MCH SFR PROPERTY OWNER 2 LLC
374,,REO PROPERTY MANAGEMENT LLC
376,STARDOM REAL ESTATE LLC,STARDOM PORTFOLIO 1 LLC
378,ALPHA HOMES MANAGEMENT INC,CHERRY ROSE HOME RENTALS LLC
384,THE AMHERST GROUP LLC,RH EVERGREEN OWNERCO LLC
390,HOME PARTNERS / PATHLIGHT PROPERTY MANAGEMENT,HPA ARIZONA I LLC
392,SCOTTSDALE LUXURY GROUP,CHODOCK HOLDINGS NO 3 LLC
393,DJ & O PROPERTIES LLC,DJ & O PROPERTIES LLC
394,TODD INVESTMENTS LLC,TODD INVESTMENTS LLC
399,,WEST VALLEY RENTALS LLC
406,QUANTUM INVESTMENT LLC,QUANTUM INVESTMENT LLC
407,RASCON BROTHERS INVESTMENTS INC,RASCON BROTHERS INVESTMENTS INC
409,AMERICAN HOMES 4 RENT,AMH 2014-2 BORROWER LLC
411,CAYENNE INVESTMENTS LLC,CAYENNE INVESTMENTS LLC
412,FERGUS PROPERTIES LLC,FERGUS PROPERTIES LLC
422,CHRC HOLDINGS LLC,PHOENIX PROPERTY MANAGEMENT 6 LLC
423,EC AZ PROPERTIES LP,EC AZ PROPERTIES LP
428,,8821 LLC
441,MANAGEMENT GROUP LLC,MANAGEMENT GROUP LLC
445,THE AMHERST GROUP LLC,BAF ASSETS 4 LLC
449,,JINZHI LLC
456,BELLA RESIDENTIAL PROPERTIES LLC,BELLA RESIDENTIAL PROPERTIES LLC
457,INVITATION HOMES,IH3 PROPERTY PHOENIX LP
461,PEGGY AND JOY INC,PEGGY AND JOY INC
467,PADILLA INVESTMENTS LLC,PADILLA INVESTMENTS LLC
468,,SUNRISE CAPITAL INVESTMENTS LLC
472,,MANN AND MANN INVESTMENT LLC
476,AZ WHOLESALE PROPERTIES LLC,AZ WHOLESALE PROPERTIES LLC
480,HOME PARTNERS / PATHLIGHT PROPERTY MANAGEMENT,SFR ACQUISITIONS 3 LLC
483,THE AMHERST GROUP LLC,BAF ASSETS 3 LLC
486,SUEBILL LLC,SUEBILL LLC
493,INVITATION HOMES,IH6 PROPERTY PHOENIX LP
494,METROPOLITAN REAL ESTATE,METROPOLITAN EAST VALLEY LLC
497,AZ RE INVESTMENT HOLDINGS LLC,AZ RE INVESTMENT HOLDINGS LLC
502,,WEST VALLEY 1 RENTALS LLC
507,ARIZCA INVESTMENTS LLC,ARIZCA INVESTMENTS LLC
509,MY COMMUNITY HOMES,MCH SFR PROPERTY OWNER 1 LLC
511,THE AMHERST GROUP LLC,ALTO ASSET COMPANY 1 LLC
512,PROGRESS RESIDENTIAL,PROGRESS RESIDENTIAL BORROWER 13 LLC
513,PROGRESS RESIDENTIAL,PROGRESS RESIDENTIAL BORROWER 11 LLC
519,ARIZONA HOME PARTNERS LLC,AHP IV LLC
521,HOME PARTNERS / PATHLIGHT PROPERTY MANAGEMENT,SFR II BORROWER 2021-3 LLC
529,OBACHAN RENTALS LLC,OBACHAN RENTALS LLC
536,64 AVENUE LP,64 AVENUE LP
541,,DARIUS PROPERTIES LLC
542,BF PROPERTIES LLC,BF PROPERTIES LLC
549,EL NIDO LLC,EL NIDO LLC
553,EVERBRIGHT LLC,EVERBRIGHT LLC
554,RRC INVESTMENTS LLC,RRC INVESTMENTS LLC
558,,EL DORADO RESIDENTIAL PARTNERS LLC
559,BLUE SIENA LLC,BLUE SIENA LLC
564,,AZ WHOLESALE INVESTMENTS LLC
565,EQUITY TRUST CO,EQUITY TRUST CO
567,WHITE TERN REAL ESTATES LLC,WHITE TERN REAL ESTATES LLC
574,INCAWASI LLC,INCAWASI LLC
577,KEILAND GROUP LLC,KEILAND GROUP LLC
581,SIDSAM7465 INVESTMENTS LLC,SIDSAM7465 INVESTMENTS LLC
582,PROGRESS RESIDENTIAL,PROGRESS RESIDENTIAL BORROWER 8 LLC
592,INVITATION HOMES,SRP SUB LLC
598,MY COMMUNITY HOMES,MCH SFR PROPERTY OWNER 4 LLC
599,AMERICAN HOMES 4 RENT,AMH PORTFOLIO B LLC
600,PROGRESS RESIDENTIAL,PROGRESS RESIDENTIAL BORROWER 1 LLC
604,AVALON VERDE LLC,AVALON VERDE LLC
606,WCP SFR PROPERTIES LLC,WCP SFR PROPERTIES LLC
608,,BCM PROPERTIES LLC
615,PIERCE PROPERTIES LLC,PIERCE PROPERTIES LLC
618,PAY RENT LLC,PAY RENT LLC
623,2-TONE PECK LLC,2-TONE PECK LLC
631,HOME PARTNERS / PATHLIGHT PROPERTY MANAGEMENT,HPA II BORROWER 2021-1 LLC
634,THE AMHERST GROUP LLC,CPI-AMHERST SFR PROGRAM OWNER LLC
640,LEGENZOFF PROPERTIES LLC,LEGENZOFF PROPERTIES LLC
643,METROPOLITAN REAL ESTATE,ADANAC USA LP
656,PROVERBS GROUP HOME LLC,PROVERBS GROUP HOME LLC
672,WHITE FIG HOMES JV LLC,WHITE FIG HOMES JV LLC
679,RENU PROPERTY MANAGEMENT,PAGAYA SMARTRESI FI FUND PROPERTY OWNER II LL
681,TOUCAN FORGE LLC,TOUCAN FORGE LLC
683,,BM STEWARDSHIP INV LLC
684,LFD PROPERTIES LLC,LFD PROPERTIES LLC
689,FIVE STAR MHP AZ LLC,FIVE STAR MHP AZ LLC
694,,TARDAN LLC
696,NEXTFLIP LLC,NEXTFLIP LLC
697,NETZACH INVESTMENTS LLC,NETZACH INVESTMENTS LLC
701,GREAT VISTA LLC,GREAT VISTA LLC
705,AVENUE ONE,RS RENTAL II LLC
719,ZAK VENTURES LLC,ZAK VENTURES LLC
721,,ECH2 LLC
724,EVOLUTION PROPERTIES FUND II LP,EVOLUTION PROPERTIES FUND II LP
725,HORIZON AA INVESTMENTS LLC,HORIZON AA INVESTMENTS LLC
728,ALPHA HOMES MANAGEMENT INC,FOXGLOVE CITRUS CREEK HOME RENTALS LLC
731,MKZ ENTERPRISES LLC,MKZ ENTERPRISES LLC
732,HORIZON FINANCIAL MANAGEMENT,EAST COAST FINANCIAL LLC
735,VALENZO VENEGAS BROTHERS,VALENZO VENEGAS BROTHERS
740,ALPHA HOMES MANAGEMENT INC,HIBISCUS HOME RENTALS LLC
742,ALPHA HOMES MANAGEMENT INC,GRAPEFRUIT TREE PLACE HOME RENTALS LLC
744,ARCADIA ACQUISITIONS LLC,ARCADIA ACQUISITIONS LLC
746,,URIARTE PROPERTIES LLC
749,EHL PROPERTIES LLC,EHL PROPERTIES LLC
751,SHERLOCK HOMES REALTY,MYRA PROPERTIES LLC
753,3048 INDIAN SCHOOL LLC,3048 INDIAN SCHOOL LLC
755,PROCESSING MULTISERVICES LLC,PROCESSING MULTISERVICES LLC
756,HANAMAKI INVESTMENTS LLC,HANAMAKI INVESTMENTS LLC
757,ALPHA HOMES MANAGEMENT INC,IRIS HOME RENTALS LLC
760,CREATIVE ESTATES LLC,CREATIVE ESTATES LLC
767,,MCDOWELL JIANG LLC
768,RBMC PROPERTIES LLC,RBMC PROPERTIES LLC
769,SANDHILLS LLC,SANDHILLS LLC
770,JUPITERO DESERT LLC,JUPITERO DESERT LLC
771,DOMESTICA PROPERTIES LLC,DOMESTICA PROPERTIES LLC
776,SHERLOCK HOMES REALTY,CLARICE PROPERTIES LLC
777,ADKA ENTERPRISES LLC,ADKA ENTERPRISES LLC
778,ALPHA HOMES MANAGEMENT INC,EVERGREEN PARK HOME RENTALS LLC
789,MANRIQUEZ INVESTMENT LLC,MANRIQUEZ INVESTMENT LLC
791,AVENUE ONE,AO PROPCO 1 LLC
795,MORAS LLC,MORAS LLC
796,PONCHO PROPERTIES LLC,PONCHO PROPERTIES LLC
797,LUCAS PROPERTIES ARIZONA LLC,LUCAS PROPERTIES ARIZONA LLC
799,COLONY AMERICAN HOMES,SFR 2012 1 US WEST LLC
800,GRIZZLY ENTERPRISES LLC,GRIZZLY ENTERPRISES LLC
801,,TETON EQUITY GROUP LLC
804,HORIZON FINANCIAL MANAGEMENT,REACT FINANCIAL LLC
805,,5307 GOLDEN VISTA LLC
808,WESTTOWN HOLDINGS LLC,WESTTOWN HOLDINGS LLC
809,AMETHYST MOUNTAIN PROPERTIES LLC,AMETHYST MOUNTAIN PROPERTIES LLC
811,AMARILLO PROPERTIES LLC,AMARILLO PROPERTIES LLC
816,MARKET EDGE REALTY LLC,COYOTE LAND CO LLC
818,AZ RENTAL ASSISTANCE LLC,AZ RENTAL ASSISTANCE LLC
821,GREEN HOME RENTALS LLC,GREEN HOME RENTALS LLC
827,,RENTAL HOUSES LLC
828,DP REAL INVESTMENTS,DP REAL INVESTMENTS
830,,TAYLOR PROPERTY III OF THE S
835,,DESERT PALM LLC
836,SYCS REALTY LLC,SYCS REALTY LLC
838,,TAYLOR PROPERTY I OF THE SW LLC
842,,SAPPHIRE GROUP LLC
849,AMERICAN HOMES 4 RENT,BEAZER PRE-OWNED HOMES LLC
852,PROGRESS RESIDENTIAL,PROGRESS RESIDENTIAL BORROWER 6 LLC
856,IHA PROPERTIES LLC,IHA PROPERTIES LLC
859,TCPRE12 LLC,TCPRE12 LLC
863,THE AMHERST GROUP LLC,ALTO ASSET COMPANY 2 LLC
874,,CJE MANAGEMENT LLC
877,THE AMHERST GROUP LLC,SARARI TWO ASSET COMPANY LLC
878,MVP CAPITAL LLC,MVP CAPITAL LLC
882,LANDMARK REALTY GROUP LLC,LANDMARK REALTY GROUP LLC
883,INVITATION HOMES,2019-1 IH BORROWER LP
888,THE AMHERST GROUP LLC,SAFARI ONE ASSET COMPANY LLC
890,PROGRESS RESIDENTIAL,PROGRESS RESIDENTIAL BORROWER 17 LLC
898,DARRE HOLDINGS LTD PROPERTY MANAGEMENT ETAL,DARRE HOLDINGS LTD PROPERTY MANAGEMENT ETAL
899,PROGRESS RESIDENTIAL,OLYMPUS BORROWER LLC
900,WM PROPERTIES LLC,WM PROPERTIES LLC
905,METROPOLITAN PENSION FUND LLC,METROPOLITAN PENSION FUND LLC
911,EEPSTER HAUS LLC,EEPSTER HAUS LLC
912,GMAC ENTERPRISES LLC,GMAC ENTERPRISES LLC
914,HORIZON FINANCIAL MANAGEMENT,SCHILLINGER DEVELOPMENT INC
916,GPG LEASING 1 LLC,GPG LEASING 1 LLC
919,,MARCU STAR LLC
921,SOLAVAINC LLC,SOLAVAINC LLC
923,MARKET EDGE REALTY LLC,YUKON SOUTH LLC
924,2T ARIZONA LLC,2T ARIZONA LLC
926,SOCIEDAD AZTECA LLC,SOCIEDAD AZTECA LLC
927,MANUKA PROPERTIES LLC,MANUKA PROPERTIES LLC
932,LAS CASAS MIAS I LLC,LAS CASAS MIAS I LLC
934,,GREATER PHOENIX REAL ESTATE ALLIANCE LLC
941,JIM THOMAS LLC,JIM THOMAS LLC
954,KEYGLEE HOLDINGS INC,KEYGLEE HOLDINGS INC
955,UNIVERSAL DISTRIBUTORS LLC,UNIVERSAL DISTRIBUTORS LLC
963,MEYER-CITIVEST LLC,MEYER-CITIVEST LLC
965,L & M STRATEGIC INVESTMENTS LLC,L & M STRATEGIC INVESTMENTS LLC
967,ARIZONA DESERT HOMES LLC,ARIZONA DESERT HOMES LLC
971,MG AND JC RENTALS LLC,MG AND JC RENTALS LLC
973,,GOLD HORIZON INVESTMENT LLC
975,1724 TAMARISK LLC,1724 TAMARISK LLC
979,CHRC HOLDINGS LLC,PHOENIX PROPERTY MANAGEMENT 5 LLC
980,SOLANO DRIVE LLC,SOLANO DRIVE LLC
982,GEM REAL PROPERTIES LLC,2917 N 81ST DRIVE LLC
986,SOLIDARITY LLC,SOLIDARITY LLC
987,NORTH ROCK TRUST PROFIT SHARING PLAN,NORTH ROCK TRUST PROFIT SHARING PLAN
988,JADE PROSPERITY INVESTMENTS 4 LLC,JADE PROSPERITY INVESTMENTS 4 LLC
993,,REDSTONE PROPERTIES SIX LLC
998,GLK REGISTERED AGENTS OF NV INC,M & L RENTS LLC
1001,AMERICAN HOMES 4 RENT,AH4R PROPERTIES LLC
1005,HOME PARTNERS / PATHLIGHT PROPERTY MANAGEMENT,HPA US1 LLC
1008,IH5 PROPERTY PHOENIX LP,IH5 PROPERTY PHOENIX LP
1021,INVITATION HOMES,SFR JAVELIN BORROWER LP
1025,ARHART LLC,ARHART LLC
1028,INVITATION HOMES,IH4 PROPERTY PHOENIX LP
1041,,REDSTONE PROPERTIES TEN LLC
1045,SHIREL INVESTMENTS LLC,SHIREL INVESTMENTS LLC
1065,THE AMHERST GROUP LLC,BAF 1 LLC
1066,AMERICAN HOMES 4 RENT,AMERICAN HOMES 4 RENT TRUST LLC
1084,HUB REALTY,EL DORADO RESIDENTIAL PARTNERS II LLC
1085,TA & TO HOLDINGS LP,TA & TO HOLDINGS LP
1097,PIPHIS ASSETS LLC,PIPHIS ASSETS LLC
1108,INVITATION HOMES,IH2 PROPERTY PHOENIX LP
1114,SUN REAL ESTATE INVESTMENT 1 LP,SUN REAL ESTATE INVESTMENT 1 LP
1121,HOME PARTNERS / PATHLIGHT PROPERTY MANAGEMENT,SFR BORROWER 2021-2 LLC
1130,DON SIGNER BUICK-CADILLAC INC,DON SIGNER BUICK-CADILLAC INC
1131,HUDSON HOMES,HUDSON SFR PROPERTY HOLDINGS III LLC
1132,JN AZPROPERTIES LP,JN AZPROPERTIES LP
1134,FIRSTKEY HOMES,FKH SFR PROPCO G LP
1137,,MANN & MANN INVESTMENT LLC
1138,,ENCANTO JIANG LLC
1145,GRAB FAMILY INVESTMENTS INC,GRAB FAMILY INVESTMENTS INC
1147,RASCON BROTHERS INVESTMENT INC,RASCON BROTHERS INVESTMENT INC
1148,,REDSTONE PROPERTIES TWO LLC
1155,OCHOA RENTALS LLC,OCHOA RENTALS LLC
1157,KYLER LEE LLC,KYLER LEE LLC
1161,MARKET EDGE REALTY LLC,PHOENIX INDIO FUND I LLC
1165,NARAYALEZ LLC,NARAYALEZ LLC
1168,NAO TILLMAN LLC,NAO TILLMAN LLC
1180,TUN LLC,TUN LLC
1184,,MID CITY INVESTMENTS LLC
1198,CAJUN PROPERTIES LLC,CAJUN PROPERTIES LLC
1208,BUMPY INVESTMENTS LLC,BJ SHACKS LLC
1214,LEES GROUP PARTNERSHIP LLC,LEES GROUP PARTNERSHIP LLC
1216,SHV HOMES 4 LLC,SHV HOMES 4 LLC
1217,THE ENTRUST GROUP ,ENTRUST ADMINISTRATION INC
1228,AZCENSO REALTY GROUP LLC,AZCENSO REALTY GROUP LLC
1248,CAPRICORNIO PROPERTY MANAGEMENT LLC,CAPRICORNIO PROPERTY MANAGEMENT LLC
1259,PROV 22 PROPERTIES LLC,PROV 22 PROPERTIES LLC
1274,PLAYA DE NEGRO PROPERTIES LLC,PLAYA DE NEGRO PROPERTIES LLC
1282,JY INVESTMENTS LLC,JY INVESTMENTS LLC
1286,SCHOLLER PROPERTIES II LLC,SCHOLLER PROPERTIES II LLC
1288,LOCAL INVESTOR LLC,LOCAL INVESTOR LLC
1299,L & Q INVESTMENT LLC,L & Q INVESTMENT LLC
1323,BUJAK PROPERTIES II LLC,BUJAK PROPERTIES II LLC
1325,PROGRESS RESIDENTIAL,PROGRESS RESIDENTIAL BORROWER 18 LLC
1327,,SONORA SKY LLC
1331,CRIMSON COVENANT INVESTMENTS LLC,CRIMSON COVENANT INVESTMENTS LLC
1336,CLD INVESTMENTS,CLD INVESTMENTS
1344,AMERICAN HOMES 4 RENT,AMERICAN HOMES 4 RENT PROPERTIES ONE LLC
1348,PROGRESS RESIDENTIAL,OLYMPUS BORROWER 1 LLC
1375,375472 LLC,375472 LLC
1376,PROGRESS RESIDENTIAL,TRUE NORTH PROPERTY OWNER B LLC
1377,SUNRISE RENTAL GROUP II LLC,SUNRISE RENTAL GROUP II LLC
1384,INVITATION HOMES,SFR 2012-1 US WEST LLC
1386,HO ENTERPRIZE LLC,HO ENTERPRIZE LLC
1392,PROGRESS RESIDENTIAL,PROGRESS PHOENIX LLC
1397,ALMQUIST PROPERTIES LLC,ALMQUIST PROPERTIES LLC
1414,JYC LLC,JYC LLC
1417,B+Y ONE LLC,B+Y ONE LLC
1430,WAVERLY ONE LLC,WAVERLY ONE LLC
1437,ARIZONA PROPERTIES 1 LLC,ARIZONA PROPERTIES 1 LLC
1442,AZ RE FAB LLC,AZ RE FAB LLC
1452,BARRO INVESTMENTS LLC,BARRO INVESTMENTS LLC
1457,ROOFSTOCK,SFRES1 LLC
1459,MANDALAY VENTURE LLC,MANDALAY VENTURE LLC
1460,LEGEND SPRING OF PEORIA LLC,LEGEND SPRING OF PEORIA LLC
1472,PROGRESS RESIDENTIAL,PROPERTY OWNER 9 LLC
1480,AMERICAN HOMES 4 RENT,AH4R I AZ LLC
1488,PROGRESS RESIDENTIAL,PROGRESS RESIDENTIAL BORROWER 2 LLC
1492,HOME PARTNERS / PATHLIGHT PROPERTY MANAGEMENT,HPA CL2 LLC
1504,,RIO LINDA PROPERTIES LLC
1507,LPF BLVD PHOENIX LLC,LPF BLVD PHOENIX LLC
1512,ANN INVESTMENT LLC,ANN INVESTMENT LLC
1518,MARIA THATCHER SEPARATE PROPERTY TRUST,MARIA THATCHER SEPARATE PROPERTY TRUST
1521,PINA INVESTMENTS LLC,PINA INVESTMENTS LLC
1529,AZ MITIGATION SERVICES LLC,AZ MITIGATION SERVICES LLC
1537,WILD CAT INVESTMENTS LLC,WILD CAT INVESTMENTS LLC
1548,PHOENIX PROPERTY MANAGEMENT 13 LLC,PHOENIX PROPERTY MANAGEMENT 13 LLC
1550,METROPOLITAN REAL ESTATE,SHARP ROCK SFR LLC
1569,AZ HOUSING INITIATIVES LLC,AZ HOUSING INITIATIVES LLC
1572,7223 WEST KINGMAN STREET LLC,7223 WEST KINGMAN STREET LLC
1573,PROGRESS RESIDENTIAL,PROGRESS RESIDENTIAL BORROWER 9 LLC
1583,PROGRESS RESIDENTIAL,SFR INVESTMENTS V BORROWER 1 LLC
1601,JET HOME LLC,JET HOME LLC
1630,INVITATION HOMES,CSH PROPERTY ONE LLC
1635,I&G SFR I BORROWER LLC,I&G SFR I BORROWER LLC
1637,BK HOLDINGS 202 LLC,BK HOLDINGS 202 LLC
1643,HORIZON FINANCIAL MANAGEMENT,FIRST FINANCIAL LLC
1646,SN ARIZONA LLC,SN ARIZONA LLC
1655,SCOTTSDALE LUXURY GROUP,CHODOCK HOLDINGS LLC
1658,PLANETARY LLC,PLANETARY LLC
1659,PROGRESS RESIDENTIAL,MILE HIGH TL BORROWER 1 INCOME LLC
1673,ANSONG HOLDING LLC,ANSONG HOLDING LLC
1693,INVITATION HOMES,DUNLEY LLC
1701,CHAVEZ ESTATES LLC,CHAVEZ RESIDENTIAL ESTATES LLC
1703,AMERICAN HOMES 4 RENT,ARP PHOENIX FUND I LP
1719,,PEPPERTREE MHP PARTNERS LLC
1720,DESERT WREN VENTURES II LLC,DESERT WREN VENTURES II LLC
1726,,LUCEBELLA LLC
1735,SOAPTREE PROPERTIES LLC,SOAPTREE PROPERTIES LLC
1742,,CHESTNUT PROPERTIES IV LLC
1745,CHESTNUT PROPERTIES I LLC,CHESTNUT PROPERTIES I LLC
1748,BOGOTA LLC,BOGOTA LLC
1750,VISTA ONE LLC,VISTA ONE LLC
1751,BNJ RENTALS LLC,BNJ RENTALS LLC
1763,THE ENTRUST GROUP ,01 THE ENTRUST GROUP INC
1769,,2619 37TH LLC
1770,H & L INVESTMENT LLC,H & L INVESTMENT LLC
1795,CF INVESTMENT PROPERTIES 2 LLC,CF INVESTMENT PROPERTIES 2 LLC
1815,REDITO LLC,REDITO LLC
1819,SCU PROPERTY INVESTMENTS LLC,SCU PROPERTY INVESTMENTS LLC
1826,SHERLOCK HOMES REALTY,JULICH BURG LLC
1834,AGR INVESTMENTS LLC,AGR INVESTMENTS LLC
1837,STEELBUCK LLC,STEELBUCK LLC
1838,REACHUS LLC,REACHUS LLC
1842,ARMANDS PROPERTIES LLC,ARMANDS PROPERTIES LLC
1857,,HONEY INVESTMENTS 2 LLC
1862,SOCIEDAD AZTECA 3 LLC,SOCIEDAD AZTECA 3 LLC
1864,WHITEFORT PROPERTY LLC,WHITEFORT PROPERTY LLC
1867,EQUITY CONNECT HOLDINGS LLC,EQUITY CONNECT HOLDINGS LLC
1870,MARKET EDGE REALTY LLC,INDIAN SCHOOL WEST LLC
1871,STARDOM REAL ESTATE,STARDOM REAL ESTATE
1875,HEAVENLY HOMES REAL ESTATE INVESTMENTS LLC,HEAVENLY HOMES REAL ESTATE INVESTMENTS LLC
1880,,CAMELBACK JIANG LLC
1904,ARIZONA VALUE HOLDING LLC,ARIZONA VALUE HOLDING LLC
1911,A PLUS TITLE LLC,A PLUS TITLE LLC
1916,ROADRUNNER REAL ESTATE ENTERPRISES LLC,ROADRUNNER REAL ESTATE ENTERPRISES LLC
1925,PROGRESS RESIDENTIAL,OLYMPUS CLEARWATER LLC
1948,,ZAK VENT 4 LLC
1960,DOS GUEROS LLC,DOS GUEROS LLC
1964,ROCAJ2 LLC,ROCAJ2 LLC
1966,PLATINUM NINE PROPERTIES LLC,PLATINUM NINE PROPERTIES LLC
1968,,ROC PROPERTY MANAGEMENT LLC
1982,ARMSTEPH INVESTMENTS LLC,ARMSTEPH INVESTMENTS LLC
1997,C&R INVESTMENTS LLC,C&R INVESTMENTS LLC
2002,,TAYLOR PROPERTY II OF THE SW LLC
2004,OBIE 1 INVESTMENT LLC,OBIE 1 INVESTMENT LLC
2005,2MW LLC,2MW LLC
2009,STA MARIA LLC,STA MARIA LLC
2015,OPENDOOR PROPERTY TRUST I,OPENDOOR PROPERTY TRUST I
2038,EQUITY SPRINGS 6 LLC,EQUITY SPRINGS 6 LLC
2042,HN HOLDINGS LLC,HN HOLDINGS LLC
2048,,FOXGLOVE 1 LLC
2057,CHRC HOLDINGS LLC,PHOENIX PROPERTY MANAGEMENT 4 LLC
2078,PALO VERDE INVESTMENT LLC,PALO VERDE INVESTMENT LLC
2080,LIBERTY FUEL LLC,LIBERTY FUEL LLC
2088,PROMENSIS NY LLC,PROMENSIS NY LLC
2094,HONG LIAN INC,HONG LIAN INC
2099,PINA PROPERTIES LLC,PINA PROPERTIES LLC
2116,ESTATES MANAGEMENT GROUP LLC,ESTATES MANAGEMENT GROUP LLC
2126,LEMMON KOEPKE HOMES LLC,LEMMON KOEPKE HOMES LLC
2130,FSH GAP ENTERPRISES LLC,FSH GAP ENTERPRISES LLC
2150,AGM PROPERTIES LLC,AGM PROPERTIES LLC
2151,THE TOLLSTRUP GROUP,EQUITY SPRINGS 3 LLC
2161,GERSON PARTNERS LLC,GERSON PARTNERS LLC
2184,KELLY LANE PROPERTIES LLC,KELLY LANE PROPERTIES LLC
2198,RD3 ENTERPRISES LLC,RD3 ENTERPRISES LLC
2205,CHRC HOLDINGS LLC,PHOENIX PROPERTY MANAGEMENT 11 LLC
2211,KHANH BUI INVESTMENT LLC,KHANH BUI INVESTMENT LLC
2217,CLAR CAL LLC,CLAR CAL LLC
2229,TWOFG LLC,TWOFG LLC
2235,N & C HOLDINGS LLC,N & C HOLDINGS LLC
2244,OLLIE & MAX LLC,OLLIE & MAX LLC
2251,ARCANGEL M LLC,ARCANGEL M LLC
2254,THE TOLLSTRUP GROUP,EQUITY SPRINGS 4 LLC
2261,DRR PARKS LLC,DRR PARKS LLC
2262,BROTH LLC ETAL,BROTH LLC ETAL
2263,NORMAL HOUSING LLC,NORMAL HOUSING LLC
2269,,REDSTONE PROPERTIES SEVEN LLC
2272,J2ROCA LLC,J2ROCA LLC
2278,,SIGAUSE LLC
2285,,SOUTHERN COMFORT LLC
2295,ROOSEVELT ESTATES,ROOSEVELT MANOR LLC
2336,ZAK VENT 3 LLC,ZAK VENT 3 LLC
2346,17314 STONE PEAKS DRIVE LLC,17314 STONE PEAKS DRIVE LLC
2364,F5 SECURED HOLDINGS LLC,F5 SECURED HOLDINGS LLC
2378,PROGRESS RESIDENTIAL,TRUE NORTH BORROWER ARIZONA LLC
2387,ARIZONA HOME PARTNERS LLC,AHP I LLC
2390,PROGRESS RESIDENTIAL,SEVEN POINTS BORROWER LLC
2402,NEW LIFE 2015 LLC,NEW LIFE 2015 LLC
2409,PROGRESS RESIDENTIAL,RESIDENTIAL HOME BUYER PHOENIX LLC
2420,EL GENERAL GROUP LLC,EL GENERAL GROUP LLC
2431,PROGRESS RESIDENTIAL,MILE HIGH BORROWER 1 INCOME LLC
2444,WEST VALLEY RENTALS 2 LLC,WEST VALLEY RENTALS 2 LLC
2450,METROPOLITAN REAL ESTATE,METROPOLITAN RESIDENTIAL HOLDINGS LLC
2457,NORTHEAST VALLEY INVESTMENT LLC,NORTHEAST VALLEY INVESTMENT LLC
2482,ST CHARLES PROPERTIES LLC,ST CHARLES PROPERTIES LLC
2499,AC CAPITAL GROUP & CO LLC,AC CAPITAL GROUP & CO LLC
2508,THE AMHERST GROUP LLC,CPI AMHERST SFR PROGRAM II OWNER LLC
2517,FROM LITTLE ACORNS GROW LLC,FROM LITTLE ACORNS GROW LLC
2524,JOON JOON LLC,JOON JOON LLC
2553,PROGRESS RESIDENTIAL,PROGRESS RESIDENTIAL BORROWER 3 LLC
2558,PROGRESS RESIDENTIAL,RESIDENTIAL HOME BUYER-E PHOENIX LLC
2568,PLUTUS GROUP III LLC,PLUTUS GROUP III LLC
2578,AMERICAN HOMES 4 RENT,AMH 2014-3 BORROWER LLC
2583,ATLAS REAL ESTATE,DWF VI ATLAS SFR-AZ LLC
2593,ARIZONA HOME PARTNERS LLC,AHP III LLC
2597,J & L AZ PROPERTIES LLC,J & L AZ PROPERTIES LLC
2603,PROGRESS RESIDENTIAL,TRUE NORTH PROPERTY OWNER A LLC
2624,SIMPLIFY PROPERTIES LLC,SIMPLIFY PROPERTIES LLC
2628,BLUELIGHT LLC,BLUELIGHT LLC
2644,BRITISH INVASION LLC,BRITISH INVASION LLC
2646,I INVEST LLC,I INVEST LLC
2670,JADE PROSPERITY INVESTMENTS 6 LLC,JADE PROSPERITY INVESTMENTS 6 LLC
2675,ARIZONA HOME PARTNERS LLC,AHP II LLC
2678,WOLF 4 LLC,WOLF 4 LLC
2713,VALCO HOMES LLC,VALCO HOMES LLC
2723,NORPESON LLC,NORPESON LLC
2724,CRSC RESIDENTIAL INC,CRSC RESIDENTIAL INC
2749,THE AMHERST GROUP LLC,FIREBIRD SFE I LLC
2792,ICM SFR LP,ICM SFR LP
2833,WILLOW TREE PROPERTIES LLC,WILLOW TREE PROPERTIES LLC
2836,VIKI PROPERTIES LLC,VIKI PROPERTIES LLC
2839,PROGRESS RESIDENTIAL,SFR INVESTMENTS V BORROWER I LLC
2840,AMERICAN HOMES 4 RENT,AMERICAN HOMES 4 RENT PROPERTIES FOUR LLC
2860,G&Y INVESTMENTS LLC,G&Y INVESTMENTS LLC
2864,G & Y INVESTMENTS LLC,G & Y INVESTMENTS LLC
2865,REDFINNOW BORROWER LLC,REDFINNOW BORROWER LLC
2890,L & L GROUP 2 LLC,L & L GROUP 2 LLC
2894,,HPA II BORROWER 2020-1 LLC
2910,TERAWEB LLC,TERAWEB LLC
2956,LIPING ZHANG LLC,LIPING ZHANG LLC
2972,T & M CONSULTING LLC,T & M CONSULTING LLC
2995,AHP IX LLC,AHP IX LLC
3007,,BNJ RENTALS
3022,ARIZONA HOME PARTNERS LLC,AHP XI LLC
3029,SFR JV-2 2022-1 BORROWER LLC,SFR JV-2 2022-1 BORROWER LLC
3037,MJG 11 LLC,MJG 11 LLC
3045,J AND L AZ PROPERTIES LLC,J AND L AZ PROPERTIES LLC
3050,INVITATION HOMES,RSTK CB PHOENIX OWNER 1 LP
3067,EQUITY TRUST COMPANY (CUSTODIAN),EQUITY TRUST COMPANY (CUSTODIAN)
3073,SUNSHINE REALTY LLC,SUNSHINE REALTY LLC
3075,J & S REAL ESTATE & INVESTMENTS LLC,J & S REAL ESTATE & INVESTMENTS LLC
3089,ARIZONA HOME PARTNERS LLC,AHP V LLC
3112,FLOWERS AND SEEDS MW1 LLC,FLOWERS AND SEEDS MW1 LLC
3124,,SOUTH VALLEY RENTALS LLC
3133,DLD INVESTMENTS LLC,DLD INVESTMENTS LLC
3161,FOWLER INDUSTRIES INC,FOWLER INDUSTRIES INC
3168,WOLF 2 LLC,WOLF 2 LLC
3178,AUSTRALIAN ABUNDANCE LLC,AUSTRALIAN ABUNDANCE LLC
3197,DOBBINS POINT LLC,DOBBINS POINT LLC
3200,JONDAHL FAMILY LLC,JONDAHL FAMILY LLC
3214,Z INDUSTRIES LLC,Z INDUSTRIES LLC
3221,SUSTAINABLE D LLC,SUSTAINABLE D LLC
3222,MONTGOMERY STREET HOMES LLC,MONTGOMERY STREET HOMES LLC
3225,REALTY 4 HIM LLC,REALTY 4 HIM LLC
3227,HPA II BORROWER 2020-1 ML LLC,HPA II BORROWER 2020-1 ML LLC
3228,EQUITY TRUST COMPANY CUSTODIAN,EQUITY TRUST COMPANY CUSTODIAN
3230,METRO HOUSING SOLUTIONS LLC,METRO HOUSING SOLUTIONS LLC
3232,THE TOLLSTRUP GROUP,CLEAR WATER EQUITY PARTNERS IV LLC
3234,,REAL ESTATE CONSULTANTS LLC
3235,STARDOM REAL ESTATE LLC,STARDOM LOANS LLC
3239,J & C BROTHER ENTERPRISES LLC,J & C BROTHER ENTERPRISES LLC
3241,TAHA HOLDINGS LLC,TAHA HOLDINGS LLC
3247,AMERICAN HOMES 4 RENT,BEAZER PRE OWNED HOMES LLC
3249,CROMWELL SV LLC,CROMWELL SV LLC
3290,MALACHI ENTERPRISES LLC,MALACHI ENTERPRISES LLC
3299,MALPHIDOX PROPERTIES LP,MALPHIDOX PROPERTIES LP
3311,KMS ENTERPRISES LLC,KMS ENTERPRISES LLC
3368,VINN MOON LLC,VINN MOON LLC
3407,BROWN FAMILY REAL ESTATE ENTERPRISES LLC,BROWN FAMILY REAL ESTATE ENTERPRISES LLC
3408,SUNDIAL HOMES LLC,SUNDIAL HOMES LLC
3413,PROGRESS RESIDENTIAL,MILE HIGH TL BORROWER 1 CORE LLC
3453,MEKASA LLC,MEKASA LLC
3466,FIRSTKEY HOMES,FKH SFR PROPCO D LP
3472,ARIZONA HOME PARTNERS LLC,AHP VII LLC
3473,DELK PROPERTIES ARIZONA LLC,DELK PROPERTIES ARIZONA LLC
3478,BARITONE LLC,BARITONE LLC
3500,CHRC HOLDINGS LLC,PHOENIX PROPERTY MANAGEMENT 9 LLC
3501,LAVEEN HOLDING LLC,LAVEEN HOLDING LLC
3503,JCV MARKETING & INVESTMENTS GROUP LLC,JCV MARKETING & INVESTMENTS GROUP LLC
3516,GEM REAL PROPERTIES LLC,4832 S 36TH AVENUE LLC
3522,,QUARTER CENTURY INVESTMENTS LLC
3529,GSUB INVESTMENTS LLC,GSUB INVESTMENTS LLC
3530,,HONEY INVESTMENTS 3 LLC
3533,MARKET EDGE REALTY LLC,LOST INDIAN LAND CO LLC
3534,HARBOR INVESTMENT GROUP LLC,HARBOR INVESTMENT GROUP LLC
3536,LEGACY PROPERTY SOLUTIONS LLC,LEGACY PROPERTY SOLUTIONS LLC
3543,,HEAVEN AND HALE LLC
3551,,FLOWER INVESTMENT ENTERPRISES LLC
3567,PHOENIX PHOSPHOR LLC,PHOENIX PHOSPHOR LLC
3580,PLUTUS GROUP II LLC,PLUTUS GROUP II LLC
3586,,PHX PROPERTIES LLC
3587,POPEJAK PROPERTIES LLLP,POPEJAK PROPERTIES LLLP
3609,HY HOMES LLC,HY HOMES LLC
3614,JH INVESTMENT LLC,JH INVESTMENT LLC
3617,YEELUFA LLC,YEELUFA LLC
3643,3629 27TH LLC,3629 27TH LLC
3650,ALKA INC,ALKA INC
3673,WJT PROPERTIES LLC,WJT PROPERTIES LLC
3679,,CLEAR WATER EQUITY PARTNERS VIII LLC
3687,,REO PROPERTIES LLC
3696,KALALAU LLC,KALALAU LLC
3716,MMTT LLC,MMTT LLC
3732,THIESEN PROPERTIES AZ LLC,THIESEN PROPERTIES AZ LLC
3745,SAI SOUTHERN LLC,SAI SOUTHERN LLC
3763,RBR-CDC LLC,RBR-CDC LLC
3789,,DAMIANTA PROPERTIES LLC
3793,WCCM GROUP LLC,WCCM GROUP LLC
3795,METROPOLITAN REAL ESTATE,HEE VEE AND VEE LP
3802,ENTRUST ARIZONA LLC,ENTRUST ARIZONA LLC
3811,BELL VENTURES INC,BELL VENTURES INC
3812,HY PROPERTIES LLC,HY PROPERTIES LLC
3816,JOLAL REALTY LLC,JOLAL REALTY LLC
3827,L&P INVESTMENT LLC,L&P INVESTMENT LLC
3846,SEVEN HILLS REALTY LLC,SEVEN HILLS REALTY LLC
3849,,SQUARE RENTALS LLC
3887,ILM PROPERTIES LP,ILM PROPERTIES LP
3889,LUCERO HOMES LLC,LUCERO HOMES LLC
3983,CATAMOUNT PROPERTIES 2018 LLC,CATAMOUNT PROPERTIES 2018 LLC
4018,MARIA DEL CARMEN MANJARREZ LLC,MARIA DEL CARMEN MANJARREZ LLC
4095,NEW BRANCHES LLC,NEW BRANCHES LLC
4106,,CJE INVESTMENTS LLC
4229,BAY STREET HOMES LLC,BAY STREET HOMES LLC
4236,PHOENIX HOME RENTALS II LLC,PHOENIX HOME RENTALS II LLC
4261,SIR BENTLEY LLC,SIR BENTLEY LLC
4266,THE AMHERST GROUP LLC,BTR SCATTERED SITE OWNER 2 LLC
4285,VALLEY SPRINGS LLC,VALLEY SPRINGS LLC
4300,IN7ANITY LLC,IN7ANITY LLC
4303,EBK CORPORATION INC,EBK CORPORATION INC
4304,NAP HOLDINGS LLC,NAP HOLDINGS LLC
4305,RENT-A-HOUSE PROPERTIES LLC,RENT-A-HOUSE PROPERTIES LLC
4307,REMACHE LLC,REMACHE LLC
4311,MOJAVE ENTERPRISES LLC,MOJAVE ENTERPRISES LLC
4312,CLAASSEN HOLDINGS LLC,CLAASSEN HOLDINGS LLC
4313,,TULASEE LLC
4319,GALVAN PROPERTY MANAGEMENT LLC,GALVAN PROPERTY MANAGEMENT LLC
4320,SOCIEDAD AZTECA 2 LLC,SOCIEDAD AZTECA 2 LLC
4322,KNOTTINGHAM LLC,KNOTTINGHAM LLC
4323,ERG PROPERTY SERVICES LLC,ERG PROPERTY SERVICES LLC
4326,SOLD ON PHOENIX LLC,SOLD ON PHOENIX LLC
4333,HORIZON FINANCIAL MANAGEMENT,SILVERBOW LLC
4344,3008 ALMERIA INVESTMENTS LLC,3008 ALMERIA INVESTMENTS LLC
4347,CALRONTO WORLD REAL ESTATE LP,CALRONTO WORLD REAL ESTATE LP
4353,SAA THREE BROTHERS PROPERTY LLC,SAA THREE BROTHERS PROPERTY LLC
4354,ATJ SEPARATE PROPERTY TRUST,ATJ SEPARATE PROPERTY TRUST
4370,KZHOMES LLC,KZHOMES LLC
4371,,GROW INVESTMENTS LLC
4374,,KOLONIA LLC
4386,CHRC HOLDINGS LLC,PHOENIX PROPERTY MANAGEMENT 15 LLC
4394,BLACK ROCK 16 LP,BLACK ROCK 16 LP
4395,1PANAMERICAN LLC,1PANAMERICAN LLC
4401,MRW INVESTMENTS LLC,MRW INVESTMENTS LLC
4406,4D ASSET MANAGEMENT LLC,4D ASSET MANAGEMENT LLC
4411,PLATINUM PLUS LLC,PLATINUM PLUS LLC
4427,PROGRESS RESIDENTIAL,OLYMPUS CACTUS LLC
4461,DESERT ASSETS LLC,DESERT ASSETS LLC
4464,MISS KITTY LLC,MISS KITTY LLC
4483,JAEGER INVESTMENTS LLC,JAEGER INVESTMENTS LLC
4508,IN PROPERTY INVESTMENTS LLC,IN PROPERTY INVESTMENTS LLC
4517,SUN DRENCHED LLC,SUN DRENCHED LLC
4533,KING & CO LLC,KING & CO LLC
4534,ENGLANDSIDE PROPERTIES INC,ENGLANDSIDE PROPERTIES INC
4537,INNOVATIVE QUALITY LLC,INNOVATIVE QUALITY LLC
4539,OLIVAS PORTFOLIO LLC,OLIVAS PORTFOLIO LLC
4545,,ARZ REAL ESTATE GROUP LLC
4551,2209 E WELDON AVE LLC,2209 E WELDON AVE LLC
4555,MAAN SONIA JASMINE LLC,MAAN SONIA JASMINE LLC
4556,,CHICO VENTURES VI LLC
4573,Z PROPERTIES LP,Z PROPERTIES LP
4577,,HARTFORD PROPERTY INVESTMENT VENTURES LLC
4583,HORIZONS DIAMOND HOMES LLC,HORIZONS DIAMOND HOMES LLC
4588,ANTHEM BUCKEYES LLC,ANTHEM BUCKEYES LLC
4590,D & L HOUSING LLC,D & L HOUSING LLC
4593,HUNJAN PROPERTIES LLC,HUNJAN PROPERTIES LLC
4607,UNITED REMODELING GROUP LLC,UNITED REMODELING GROUP LLC
4610,TRES CASAS LLC,TRES CASAS LLC
4623,HASSLE FREE HOUSE BUYERS LLC,HASSLE FREE HOUSE BUYERS LLC
4627,NETZACH HOLDINGS LLC,NETZACH HOLDINGS LLC
4630,SODHI FAMILY CAPITAL LLC,SODHI FAMILY CAPITAL LLC
4631,,REDSTONE PROPERTIES THREE LLC
4638,KEDO LLC,KEDO LLC
4641,,MIS CASITAS LLC
4651,2QPM INC,2QPM INC
4661,FACILITY SERVICE GROUP INC,FACILITY SERVICE GROUP INC
4663,ARIZONA LAND OWNER LLC,ARIZONA LAND OWNER LLC
4664,TRUE CAPITAL INVESTMENTS LLC,TRUE CAPITAL INVESTMENTS LLC
4665,42ND STREET CRETA LLC,42ND STREET CRETA LLC
4667,WISTERIA LLC,WISTERIA LLC
4670,RULYS AUTO SALES LLC,RULYS AUTO SALES LLC
4675,BESSIE MAE HOMES LLC,BESSIE MAE HOMES LLC
4676,INVESTMENTS4U LLC,INVESTMENTS4U LLC
4681,JJ & AL INVESTMENTS LLC,JJ & AL INVESTMENTS LLC
4698,MANCILLAS ENTERPRISES LLC,MANCILLAS ENTERPRISES LLC
4699,KL PROPERTY LLC,KL PROPERTY LLC
4716,TAK LEASING LLC,TAK LEASING LLC
4717,L A JOHNSON PROPERTIES LLC,L A JOHNSON PROPERTIES LLC
4718,RAN LLC,EAR HOUSE 1 LLC
4723,KN PROPERTIES LLC,KN PROPERTIES LLC
4724,MO MONEY LLC,MO MONEY LLC
4727,TRAASCO LLC,TRAASCO LLC
4729,GUARANTEED HOME BUYERS LLC,GUARANTEED HOME BUYERS LLC
4730,VALLEY REI LLC,VALLEY REI LLC
4732,PHOENIX PROPERTIES II LLC,PHOENIX PROPERTIES II LLC
4737,BEYENS REALTY LLC,SHERWOOD USA LLC
4738,FIRSTKEY HOMES,FKH SFR PROPCO A LP
4739,RAN LLC,EAR HOUSES LLP
4740,BEYENS REALTY LLC,BEYENS REALTY LLC
4743,BEYENS REALTY LLC,KWACK REAL ESTATE LLC
4749,GGQ PROPERTIES LLC,GGQ PROPERTIES LLC
4758,RAN LLC,RAN ASSETS LLC
4764,BEGGIO PROPERTIES LLC,BEGGIO PROPERTIES LLC
4766,,DAVID G YANKO LP
4767,NORTHPOINTE LLC,NORTHPOINTE LLC
4768,,AEGIS HOLDINGS Z LLC
4769,,SUNRISE RENTAL GROUP I LLC
4773,SCY PROPERTIES LLC,SCY PROPERTIES LLC
4781,C SQUARED EQUITY LLC,C SQUARED EQUITY LLC
4785,DYNAMIS CAPITAL HOLDINGS LLC,DYNAMIS CAPITAL HOLDINGS LLC
4787,WILSHIRE MARIPOSA LLC,WILSHIRE MARIPOSA LLC
4791,LENAS RENTALS LLC,LENAS RENTALS LLC
4793,TIERRA ASSET MANAGEMENT LLC,TIERRA ASSET MANAGEMENT LLC
4794,AZ CENTRAL HOLDINGS LLC,AZ CENTRAL HOLDINGS LLC
4795,HILLWOOD HEALTHCARE CONSULTANTS INC DEFINED B,HILLWOOD HEALTHCARE CONSULTANTS INC DEFINED B
4797,,PIROOZ LLC
4798,MPAAL LLC,MPAAL LLC
4804,DEER CREEK PROPERTIES LLC,DEER CREEK PROPERTIES LLC
4805,FIDELITY FIRST INTERNATIONAL LLC,FIDELITY FIRST INTERNATIONAL LLC
4809,KENNETH PLACE INVESTMENTS LIMITED PARTNERSHIP,KENNETH PLACE INVESTMENTS LIMITED PARTNERSHIP
4812,RAN LLC,EAR HOUSES I LLC
4817,CIMURR LLC,CIMURR LLC
4820,AVALON PREFERRED PROPERTIES LLC,AVALON PREFERRED PROPERTIES LLC
4821,RAN LLC,RAN HOLDINGS LLC
4823,BRIDGE BUILDER ONE LLC,BRIDGE BUILDER ONE LLC
4825,825 NORTH 3RD AVENUE LLC,825 NORTH 3RD AVENUE LLC
4830,MIKE JOHNSON ENTERPRISES LLC,MIKE JOHNSON ENTERPRISES LLC
4834,SANTA FE 908 LLC,SANTA FE 908 LLC
4839,THANKS AND PRAISE LLC,THANKS AND PRAISE LLC
4842,,TRANSWEST FINANCIAL LLC
4845,6810 SOUTH CENTRAL LLC,6810 SOUTH CENTRAL LLC
4847,,GOLD HORIZON INVESTMENTS LLC
4848,ANTLER FLATS LLC,ANTLER FLATS LLC
4851,SOYA LLC,SOYA LLC
4853,WINTON SIX LLC,WINTON SIX LLC
4854,CORNERSTONE SOUTHWEST PROPERTIES LLC,CORNERSTONE SOUTHWEST PROPERTIES LLC
4858,,CENTENARIOS 2 LLC
4863,,CENTENARIOS INVESTMENTS LLC
4881,CHRC HOLDINGS LLC,PHOENIX PROPERTY MANAGEMENT 8 LLC
4890,LYDA LP,LYDA LP
4893,,HONEY INVESTMENTS 4 LLC
4899,GEM REAL PROPERTIES LLC,5225 S 3RD STREET LLC
4902,GEM REAL PROPERTIES LLC,317 E ROESER LLC
4908,,SUNRISE RENTAL GROUP III LLC
4918,J CORP LLC,J CORP LLC
4930,MIC PHOENIX LLC,MIC PHOENIX LLC
4944,OAKFIELD FINANCIAL LLC,OAKFIELD FINANCIAL LLC
4977,OBELISK APARTMENTS LP,OBELISK APARTMENTS LP
4980,WSC HOLDINGS II LLC,WSC HOLDINGS II LLC
4984,MARKET EDGE REALTY LLC,15 UP VW ENTERPRISES LLC
4992,GAS PROPERTIES LLC,GAS PROPERTIES LLC
4999,,FJJ PROPERTIES LLC
5004,FIRST CAPITAL ASSET DEVELOPMENT CORPORATION,FIRST CAPITAL ASSET DEVELOPMENT CORPORATION
5006,OBOLON INVESTMENTS LLC,OBOLON INVESTMENTS LLC
5016,MONROY INVESTING LLC,MONROY INVESTING LLC
5017,HONEY INVESTMENTS 5 LLC,HONEY INVESTMENTS 5 LLC
5042,NSS ENTERPRISES INC,NSS ENTERPRISES INC
5044,MARKET EDGE REALTY LLC,OREGON HIGH DESERT PROPERTIES LLC
5070,M & D INVESTMENTS 5 LLC,M & D INVESTMENTS 5 LLC
5080,,GAL PROPERTIES LLC
5092,TJAZ LLC,TJAZ LLC
5099,RICHARD PETERSON IRA LLC,RICHARD PETERSON IRA LLC
5119,GEM REAL PROPERTIES LLC,6033 S 46TH STREET LLC
5134,,AMA PROPERTY LLC
5141,,AZIP LLC
5142,BETTER ASSETS INC,BETTER ASSETS INC
5148,MI CASA HOLDINGS LTD,MI CASA HOLDINGS LTD
5150,MI CASA HOLDINGS LTD,MI CASA HOLDINGS
5152,SEVILLE CLARENDON LLC,SEVILLE CLARENDON LLC
5153,BEE FLIPS LLC,BEE FLIPS LLC
5160,PHOENIX BUNGALOWS LLC,PHOENIX BUNGALOWS LLC
5161,KINGDOM MEDICAL LLC,KINGDOM MEDICAL LLC
5162,,SFS PROPERTIES LLC
5163,DIAY CONCEPTS LLC,DIAY CONCEPTS LLC
5165,CARPWILL LLC,CARPWILL LLC
5169,RAN LLC,EAR HOUSES III LLP
5170,INFINITY REALTY SOLUTIONS LLC,INFINITY REALTY SOLUTIONS LLC
5171,GARFIELD DISTRICT PARTNERS LLC,GARFIELD DISTRICT PARTNERS LLC
5179,MALDONADOS RENTALS LLC,MALDONADOS RENTALS LLC
5182,RGM HOLDINGS LLC,RGM HOLDINGS LLC
5187,FIFI LLC,FIFI LLC
5195,HB WON LLC,HB WON LLC
5204,BTZKK HOME INVESTMENTS LLC,BTZKK HOME INVESTMENTS LLC
5207,FIREFLY 1 LLC,FIREFLY 1 LLC
5218,OA1 LLC,OA1 LLC
5219,I'M IN MUD LLC,I'M IN MUD LLC
5220,DESERT SUNSHINE 5 LLC,DESERT SUNSHINE 5 LLC
5224,,KBJF LLC
5225,SOUTH HILL HOLDINGS LLC,SOUTH HILL HOLDINGS LLC
5226,TC AMBRA LLC,TC AMBRA LLC
5227,RARK LLC,RARK LLC
5228,4040 WEST PEORIA LLC,4040 WEST PEORIA LLC
5233,EVEREST PROPERTIESLLC,EVEREST PROPERTIESLLC
5235,TRUE FREEDOM INVESTMENTS LLC,TRUE FREEDOM INVESTMENTS LLC
5239,,CJM VENTURES LLC
5240,RG PROPERTY SOLUTIONS LLC,RG PROPERTY SOLUTIONS LLC
5243,RAN LLC,EAR HOUSES II LLP
5246,CORONADO FAMILY PARTNERSHIP LLC,CORONADO FAMILY PARTNERSHIP LLC
5247,HOUSE MAX OFFER LLC,HOUSE MAX OFFER LLC
5255,FIN DEL SENDERO LLC,FIN DEL SENDERO LLC
5261,WLA LABS LLC,WLA LABS LLC
5267,PICKLE 2 LLC,PICKLE 2 LLC
5269,MATTERHORN PROPERTIES LLC,MATTERHORN PROPERTIES LLC
5272,,ELEVEN RESIDENTIAL LLC
5281,WY KNOT FIRST PROPERTY LLC,WY KNOT FIRST PROPERTY LLC
5283,MAMEYO PROPERTY LLC,MAMEYO PROPERTY LLC
5284,SOHO HOLDINGS LLC,SOHO HOLDINGS LLC
5287,MIDTOWN PROPERTY DEVELOPMENT LLC,MIDTOWN PROPERTY DEVELOPMENT LLC
5292,FAIRMOUNT AVE LLC,FAIRMOUNT AVE LLC
5295,COLLINS PROPERTY MANAGEMENT LLC,COLLINS PROPERTY MANAGEMENT LLC
5303,INTERSTATE FINANCIAL COMPANY LLC,INTERSTATE FINANCIAL COMPANY LLC
5310,,MAYFAIR PROPERTIES LLC
5311,GRAYHOUSE PROPERTIES LLC,GRAYHOUSE PROPERTIES LLC
5315,ELLERMANN RENTAL PROPERTIES LLC,ELLERMANN RENTAL PROPERTIES LLC
5320,CARPOSB LLC,CARPOSB LLC
5321,CARPSIXTH LLC,CARPSIXTH LLC
5326,TGRL CASA REAL LLC,TGRL CASA REAL LLC
5335,AEGIS HOLDINGS AZ LLC,AEGIS HOLDINGS AZ LLC
5340,URBAN DWELLINGS LLC,URBAN DWELLINGS LLC
5341,MILTON H ERICKSON FOUNDATION INC,MILTON H ERICKSON FOUNDATION INC
5342,KCM 2 LLC,KCM 2 LLC
5345,BRI LLC,BRI LLC
5348,FIRST MILL LLC,FIRST MILL LLC
5350,JGM PROPERTY LLC,JGM PROPERTY LLC
5356,ZIA VISTA PROPERTIES LLC,ZIA VISTA PROPERTIES LLC
5358,STEADFAST HOME SOLUTIONS LLC,STEADFAST HOME SOLUTIONS LLC
5361,MILLENNIUM HOUSE TRUST,MILLENNIUM HOUSE TRUST
5364,GOLD STONE INVESTMENT LLC,GOLD STONE INVESTMENT LLC
5366,LBBA HOMES LLC,LBBA HOMES LLC
5371,,CRAMAR VENTURES LLC
5373,THE AMHERST GROUP LLC,SRAM PACK I-D LLC
5380,JACHEN INVESTMENT LLC,JACHEN INVESTMENT LLC
5382,SEABREEZE INVESTMENTS LLC,SEABREEZE INVESTMENTS LLC
5384,JKM INVESTMENTS INC,JKM INVESTMENTS INC
5385,HENGE HOLDINGS LLC,HENGE HOLDINGS LLC
5386,GAMA INTERNATIONAL OPERATING LLC,GAMA INTERNATIONAL OPERATING LLC
5389,IVORY PROPERTIES LLC,IVORY PROPERTIES LLC
5394,,ROYAL OAK CAPITAL LLC
5397,ROCK HILL CAPITAL LLC,ROCK HILL CAPITAL LLC
5401,SAMPAGA PLLC,SAMPAGA PLLC
5405,GOLDBERG ACQUISITIONS III LLC,GOLDBERG ACQUISITIONS III LLC
5412,EF 1 INVESTMENT LLC,EF 1 INVESTMENT LLC
5420,,REAL PROPERTY ACQUISITIONS LLC
5425,CUELLAR RENTALS LLC,CUELLAR RENTALS LLC
5429,BURNIGHT LLC,BURNIGHT LLC
5431,PROGRESS RESIDENTIAL,OLYMPUS JOLLEY LLC
5436,PARRY HOLDINGS CORP,WSNP INVESTMENTS LLC
5449,,BELGRAVIA PROPERTIES LLC
5450,MARKS PROPERTIES LLC,MARKS PROPERTIES LLC
5452,WHITTON COMPANIES LLC,WHITTON COMPANIES LLC
5465,GALPEZ HOLDINGS LLC,GALPEZ HOLDINGS LLC
5468,EC HOMES LLC,EC HOMES LLC
5469,AUTHENTIC INVESTMENTS LLC,AUTHENTIC INVESTMENTS LLC
5473,L E O HOLDINGS LLC,L E O HOLDINGS LLC
5479,CHRC HOLDINGS LLC,PHOENIX PROPERTY MANAGEMENT 10 LLC
5480,UNITED BUSINESS INVEST INC,UNITED BUSINESS INVEST INC
5482,KSS FINANCIAL HOUSING LLC,KSS FINANCIAL HOUSING LLC
5488,A TO Z PROPERTIES LLC,A TO Z PROPERTIES LLC
5490,,CRADER INVESTMENTS LLC
5491,,DVAN LLC
5503,KB MODERN SERVICES LLC,KB MODERN SERVICES LLC
5504,AZTIAZU LLC,AZTIAZU LLC
5507,,PHOENIX PARTNERS LLC
5519,REYMODEL LLC,REYMODEL LLC
5523,HONEY INVESTMENTS 6 LLC,HONEY INVESTMENTS 6 LLC
5529,STEVE SMITH FAMILY HOLDINGS LLC,STEVE SMITH FAMILY HOLDINGS LLC
5531,JAGC INVESTMENTS LLC,JAGC INVESTMENTS LLC
5537,JTRP LLC,JTRP LLC
5539,SHAMROCK GREEN PROPERTIES LLC,SHAMROCK GREEN PROPERTIES LLC
5541,SB DREAMS INC,SB DREAMS INC
5609,PHOENIX ASSETS AND ACQUISITIONS INC,PHOENIX ASSETS AND ACQUISITIONS INC
5621,,USCMF SN ARIZONA A LLC
5645,LEAPFROG PROPERTIES LLC,LEAPFROG PROPERTIES LLC
5650,EV & GEZUED LLC,EV & GEZUED LLC
5655,LOMBARDI GROUP LLC,LOMBARDI GROUP LLC
5661,,RPL PROPERTIES LLC
5666,NEW LEAF COLD STORAGE LP,NEW LEAF COLD STORAGE LP
5668,GEM REAL PROPERTIES LLC,2821 E NANCY LANE LLC
5687,,MORELAND INVESTMENTS LLC
5709,PLUTUS GROUP IV LLC,PLUTUS GROUP IV LLC
5729,GARIBAY DEVELOPMENT SERVICES LLC,GARIBAY DEVELOPMENT SERVICES LLC
5743,TANGERINE ROAD INVESTMENTS LLC,TANGERINE ROAD INVESTMENTS LLC
5748,BASELINE LEGACY LLC,BASELINE LEGACY LLC
5755,ASU GRAND PHOENIX LLC,ASU GRAND PHOENIX LLC
5757,SECURED EQUITIES,SECURED EQUITIES
5767,ROWLETT PROPERTY MANAGEMENT LLC,ROWLETT PROPERTY MANAGEMENT LLC
5779,AL AND ASSOCIATES LLC,AL AND ASSOCIATES LLC
5794,BRODERICK STREET HOMES LLC,BRODERICK STREET HOMES LLC
5797,WAYLAND PROPERTY MANAGEMENT LLC,WAYLAND PROPERTY MANAGEMENT LLC
5822,WILD WEST HOLDINGS LLC,WILD WEST HOLDINGS LLC
5830,ST ANNE HOLDINGS LLC,ST ANNE HOLDINGS LLC
5843,ROLEEN INVESTORS I LLC,ROLEEN INVESTORS I LLC
5889,MARKET EDGE REALTY LLC,FARIA PARKWAY LLC
5929,,CAPGROW HOLDINGS JV SUB IX LLC
5941,THE AMHERST GROUP LLC,AMNL ASSET COMPANY 3 LLC
5948,DOBSON REAL PROPERTY MANAGEMENT LLC,DOBSON REAL PROPERTY MANAGEMENT LLC
5953,SJH ENTERPRISES LLC,SJH ENTERPRISES LLC
5956,CAPGROW HOLDINGS JV SUB IV LLC,CAPGROW HOLDINGS JV SUB IV LLC
5959,,GS PARKWAY INVESTMENTS LLC
5965,PDQ INVESTMENTS LLC,PDQ INVESTMENTS LLC
5969,SNE PROPERTIES LLC,SNE PROPERTIES LLC
5975,ALPHA INVESTMENT GROUP INC,ALPHA INVESTMENT GROUP INC
5977,FRONTPORCH HOMES LLC,FRONTPORCH HOMES LLC
5982,CHRC HOLDINGS LLC,PHOENIX PROPERTY MANAGEMENT 1 LLC
5983,AZADEH26 LLC,AZADEH26 LLC
5984,ELC HOLDINGS LLC,ELC HOLDINGS LLC
5994,TOP NOTCH VENTURES LLC,TOP NOTCH VENTURES LLC
5995,TJH ARIZONA SERIES LLC SERIES A,TJH ARIZONA SERIES LLC SERIES A
5996,,SEQUOIA CAPITAL HOLDINGS LLC
5998,BLUE ASH HOLDINGS LLC,BLUE ASH HOLDINGS LLC
6002,PURE LIGHT INVESTMENTS LLC,PURE LIGHT INVESTMENTS LLC
6003,,TJH ARIZONA SERIES LLC SERIES G
6010,MUTSCHLER INVESTMENT CO,MUTSCHLER INVESTMENT CO
6012,AFFINITY 2021 LLC,AFFINITY 2021 LLC
6015,MASS AND PEA LLC,MASS AND PEA LLC
6017,FLAGSTACK HOLDINGS LLC,FLAGSTACK HOLDINGS LLC
6022,MJZ HOLDINGS LLC,MJZ HOLDINGS LLC
6023,BLUE ENTERPRISE LLC,BLUE ENTERPRISE LLC
6024,SPENCE ENTERPRISES LLC,SPENCE ENTERPRISES LLC
6025,SPENCE FAMILY PROPERTIES LLC,SPENCE FAMILY PROPERTIES LLC
6027,GLOBEVEST CAPITAL REAL ESTATE US LP,GLOBEVEST CAPITAL REAL ESTATE US LP
6030,BMY RESTORATIONS LLC,BMY RESTORATIONS LLC
6045,GPR INVESTMENTS 1 LLC,GPR INVESTMENTS 1 LLC
6057,GOLDEN CANYON INVESTMENTS LLC,GOLDEN CANYON INVESTMENTS LLC
6071,RUFF DIAMOND PROPERTIES LLC,RUFF DIAMOND PROPERTIES LLC
6118,H&A DIAZ 3 LLC,H&A DIAZ 3 LLC
6151,GOTHAM LLC,GOTHAM LLC
6154,OA5 LLC,OA5 LLC
6213,ATOMIC CONSULTING LLC,ATOMIC CONSULTING LLC
6218,AUCTION HOMES INVESTMENTS LLC,AUCTION HOMES INVESTMENTS LLC
6236,WH-PROPER 3317 CB LLC,WH-PROPER 3317 CB LLC
6275,CARRANZA SERVICES LLC,CARRANZA SERVICES LLC
6280,DLMJ EQUITIES LLC,DLMJ EQUITIES LLC
6290,A PLUS INVESTMENT LLC,A PLUS INVESTMENT LLC
6307,BIRCH PROPERTIES LLC,BIRCH PROPERTIES LLC
6340,JC HOMES INVESTMENTS LLC,JC HOMES INVESTMENTS LLC
6347,TRESTORO HOLDINGS LLC,TRESTORO HOLDINGS LLC
6351,,L L H DEVELOPMENT & REAL ESTATE LLC
6352,TRESHOLY INVESTMENTS LLC,TRESHOLY INVESTMENTS LLC
6355,SUNBELT DGP HOLDINGS,SUNBELT DGP HOLDINGS
6357,DURHAM PROPERTIES LLC,DURHAM PROPERTIES LLC
6362,MELCYN90 LLC,MELCYN90 LLC
6376,2 TONE MARYLAND LLC,2 TONE MARYLAND LLC
6386,THUYPAUL LLC,THUYPAUL LLC
6411,LPG VERMONT & MARSHALL LLC,LPG VERMONT & MARSHALL LLC
6423,4708 N 47TH DRIVE LLC,4708 N 47TH DRIVE LLC
6428,SHALVA LLC,SHALVA LLC
6437,BGC PROPERTIES LLC,BGC PROPERTIES LLC
6452,OBADIAH REALTY REALTOR LLC,OBADIAH REALTY REALTOR LLC
6463,CHASON DREAMS LLC,R & R 3 LLC
6472,MGN168 LLC,MGN168 LLC
6481,THE AMHERST GROUP LLC,AMNL ASSET COMPANY 2 LLC
6494,WESTON RENTALS LLC,WESTON RENTALS LLC
6501,THE AMHERST GROUP LLC,SUNBELT INVESTORS ASSET COMPANY LLC
6504,REMA LLC,REMA LLC
6505,JTK ENTERPRISE CACTUS LLC,JTK ENTERPRISE CACTUS LLC
6511,LIBERTAD LLC,LIBERTAD LLC
6515,LENO AND MARIAS INVESTMENTS LLC,LENO AND MARIAS INVESTMENTS LLC
6517,WINN-ROTH ONE LLC,WINN-ROTH ONE LLC
6521,,HYDE PARK PROPERTIES LLC
6534,ELIM MANAGEMENT LLC,ELIM MANAGEMENT LLC
6540,,DDK-01 LLC
6544,,GOLDEN LANE REALTY LLC
6545,HOMES FOR PEOPLE LLC,HOMES FOR PEOPLE LLC
6551,KSJ INVESTMENT LLC,KSJ INVESTMENT LLC
6556,GREENE ASSET MANAGEMENT LP,GREENE ASSET MANAGEMENT LP
6581,GREENE ASSET MANAGEMENT,GREENE ASSET MANAGEMENT
6588,INVITATION HOMES,SWAY 2014-1 BORROWER LLC
6602,,B AND B INVESTMENTS LLC
6603,203RD ENTERPRISES LLC,203RD ENTERPRISES LLC
6628,ANR PROPERTY LLC,ANR PROPERTY LLC
6629,MEMAD LLC,MEMAD LLC
6631,BACON MAKES A MOVE LLC,BACON MAKES A MOVE LLC
6634,METROPOLITAN REAL ESTATE,REGENCY INTERNATIONAL EQUITIES LP
6639,THE AMHERST GROUP LLC,SRMZ 4 ASSET COMPANY 1 LLC
6640,ROLLING GREEN COURT LLC,ROLLING GREEN COURT LLC
6644,RYSITU LLC,RYSITU LLC
6646,LOTUS 36 LLC,LOTUS 36 LLC
6650,MSW PROPERTIES LLC,MSW PROPERTIES LLC
6681,INTERPORT USA LLC,INTERPORT USA LLC
6689,STU 11 LLC,STU 11 LLC
6701,PORTLAND REAL ESTATE LLC,PORTLAND REAL ESTATE LLC
6714,M AND B PROPERTY MANAGEMENT LLC,M AND B PROPERTY MANAGEMENT LLC
6725,ARCOZONA INVESTMENTS LLC,ARCOZONA INVESTMENTS LLC
6728,LUCAS PROPERTIES ARIZONA LLC,LUCAS PROPERTIES ARIZONA
6744,GC PROPERTY III LLC,GC PROPERTY III LLC
6745,RWF INVESTMENTS LLC,RWF INVESTMENTS LLC
6763,PINNACLE ACQUISITION GROUP LLC,PINNACLE ACQUISITION GROUP LLC
6792,NDC 107 LLC,NDC 107 LLC
6795,BROCKWAY PROPERTIES LLC,BROCKWAY PROPERTIES LLC
6821,,CAPGROW HOLDINGS JV SUB VIII LLC
6823,JLO HOLDINGS LLC,JLO HOLDINGS LLC
6855,ARIANA HOMES LLC,ARIANA HOMES LLC
6880,CHAVEZ ESTATES LLC,CHAVEZ RESIDENTIAL ESTATES II LLC
6890,RENU PROPERTY MANAGEMENT,BLACKWELL PROPERTIES LLC
6945,MY TURN LLC,MY TURN LLC
6959,HAMMER DOWN LLC,HAMMER DOWN LLC
6969,THE TOLLSTRUP GROUP,EQUITY SPRINGS 2 LLC
6971,PALMAR LG LLC,PALMAR LG LLC
6980,MARCU-STAR LLC,MARCU-STAR LLC
6994,SIG-AZ LLC,SIG-AZ LLC
7003,STARDOM HOMES LLC,STARDOM HOMES LLC
7007,SILVERBACK HOLDINGS LLC,SILVERBACK HOLDINGS LLC
7018,THE TOLLSTRUP GROUP,COYOTE PARTNERS LLC
7028,ZU4 LLC,ZU4 LLC
7030,R&R 3 LLC,R&R 3 LLC
7032,THE AMHERST GROUP LLC,ARMM ASSET COMPANY 1 LLC
7033,SHAMS LLC,SHAMS LLC
7035,VANTAGE RETIREMENT PLANS LLC,VANTAGE RETIREMENT PLANS LLC
7037,9037 W VIRGINIA LLC,9037 W VIRGINIA LLC
7041,ENCINAS-RIOS INVESTMENTS LLC,ENCINAS-RIOS RENTALS LLC
7053,HORIZON FINANCIAL MANAGEMENT,PREMIUM CAPITAL LLC
7078,PROPERTY Z&O LLC,PROPERTY Z&O LLC
7082,ALRATO AYG LLC,ALRATO AYG LLC
7085,J & R FAMILY HOLDING 2 LLC,J & R FAMILY HOLDING 2 LLC
7091,CL KL LL HOLDINGS LLC,CL KL LL HOLDINGS LLC
7103,TARA HOME TRUST,TARA HOME TRUST
7116,T & M DEMPSEY PROPERTIES LLC,T & M DEMPSEY PROPERTIES LLC
7130,RYLIN VENTURES LLC,RYLIN VENTURES LLC
7133,BLUEWOOD LLC,BLUEWOOD LLC
7148,PR REI LLC,PR REI LLC
7154,JCG PROP I LLC,JCG PROP I LLC
7157,HOME EQUITY PROS LLC,HOME EQUITY PROS LLC
7175,BLUEGRASS HOLDING COMPANY LLC,BLUEGRASS HOLDING COMPANY LLC
7176,ELIAS REAL STATES LLC,ELIAS REAL STATES LLC
7193,LES CMT LLC,LES CMT LLC
7195,3650 MARYLAND LLC,3650 MARYLAND LLC
7196,MANARII LLC,MANARII LLC
7205,ALPHA REI LLC,ALPHA REI LLC
7209,LA WILLIAMS ENTERPRISES LLC,LA WILLIAMS ENTERPRISES LLC
7213,FORICH INC,FORICH INC
7224,FEENIX REAL ESTATE LP,FEENIX REAL ESTATE LP
7229,,PROVIDENT INVESTMENTS LLC
7241,HAPPY DOG BUILDERS LLC,HAPPY DOG BUILDERS LLC
7244,,CHELSEA PROPERTIES LLC
7273,CHASON DREAMS LLC,F & F 3 LLC
7276,WHISPERING VCHROME LLC,WHISPERING VCHROME LLC
7277,,WF3 LLC
7301,SR PROPERTIES LLC,SR PROPERTIES LLC
7310,AMERICAN ESTATE AND TRUST LC,AMERICAN ESTATE AND TRUST LC
7327,PHOENIXGRIS LLC,PHOENIXGRIS LLC
7328,AFFORDABLE HOMES AZ LLC,AFFORDABLE HOMES AZ LLC
7329,RAINTREE HOLDING & INVESTMENT LLC,RAINTREE HOLDING & INVESTMENT LLC
7334,MVP REAL ESTATE HOLDINGS LLC,MVP REAL ESTATE HOLDINGS LLC
7341,CHASON DREAMS LLC,R & R 4 LLC
7364,THE AMHERST GROUP LLC,BAF ASSETS LLC
7402,THE TOLLSTRUP GROUP,EQUITY SPRINGS LLC
7404,,WFH RENTALS LLC
7411,TROPHY REAL ESTATE LP,TROPHY REAL ESTATE LP
7446,LPC VENTURE LLC,LPC VENTURE LLC
7449,DESP INVESTMENTS LLC,DESP INVESTMENTS LLC
7460,,WAVERLY THREE LLC
7496,ADRENALINE INVESTMENTS HOLDINGS LLC,ADRENALINE INVESTMENTS HOLDINGS LLC
7498,CSF CASA LLC,CSF CASA LLC
7532,JANDA WORLD LLC,JANDA WORLD LLC
7578,MENAYAS INVESTMENT II LLC,MENAYAS INVESTMENT II LLC
7584,SAN PROPS LLC,SAN PROPS LLC
7590,VERTIGO LLC,VERTIGO LLC
7606,NDW PROPERTIES LLC,NDW PROPERTIES LLC
7620,2- TONE RUTH LLC,2- TONE RUTH LLC
7639,RIO DE BRAVO LLC,RIO DE BRAVO LLC
7671,CHASON DREAMS LLC,R & R 1 LLC
7682,STAID ASSET MANAGEMENT LLC,STAID ASSET MANAGEMENT LLC
7700,ARIZONA DREAM HOME LLC,ARIZONA DREAM HOME LLC
7714,HF PHOENIX LLC,HF PHOENIX LLC
7719,LMM INVESTMENT GROUP LLC,LMM INVESTMENT GROUP LLC
7761,DISCOUNT HOLDING & INVESTMENT LLC,DISCOUNT HOLDING & INVESTMENT LLC
7790,TERRA MADRE LLC,TERRA MADRE LLC
7813,MARN LLC,MARN LLC
7841,,AZIP MONTEBELLO LLC
7844,CPLC HOLDING & ASSET MANAGEMENT COMPANY LLC,CPLC HOLDING & ASSET MANAGEMENT COMPANY LLC
7847,LUCAYAN PROPERTIES LLC,LUCAYAN PROPERTIES LLC
7850,GRYPHON HOLDINGS LLC,GRYPHON HOLDINGS LLC
7866,SAN MIGUEL AND 30TH AVENUE LLC,SAN MIGUEL AND 30TH AVENUE LLC
7901,APPRAISALS PHOENIX & ESTATES LLC,APPRAISALS PHOENIX & ESTATES LLC
7911,,4638 25TH LLC
7949,JHB GATEWAY HOLDINGS INC,JHB GATEWAY HOLDINGS INC
7954,LIVE LYFE LLC,LIVE LYFE LLC
7999,GEN5 INVESTMENTS LLC,GEN5 INVESTMENTS LLC
8014,4446 N LONGVIEW LLC,4446 N LONGVIEW LLC
8025,FATHER KNOWS BEST LLC,FATHER KNOWS BEST LLC
8026,,CORRIDOR LIVING LLC
8039,GEMINI FINANCIAL LLC,GEMINI FINANCIAL LLC
8041,JADA INVESTMENTS LLC,JADA INVESTMENTS LLC
8045,BAYLALA LLC,BAYLALA LLC
8052,SAGE MOUNTAIN LLC,SAGE MOUNTAIN LLC
8064,FLOURISH FINANCIAL LLC,FLOURISH FINANCIAL LLC
8066,QUAD ACES LLC,QUAD ACES LLC
8080,PUTTING U FIRST LLC,PUTTING U FIRST LLC
8111,RAN LLC,EAR HOUSES 1 LLC
8113,HARDRUIZ LLC,HARDRUIZ LLC
8119,TUCKEY LN SAN MIGUEL LLC,TUCKEY LN SAN MIGUEL LLC
8121,JILLIEN PROPERTIES I LLC,JILLIEN PROPERTIES I LLC
8130,PCGO LLC,PCGO LLC
8132,GRACIER HOLDINGS LLC,GRACIER HOLDINGS LLC
8142,BISK INVESTMENTS LLC,BISK INVESTMENTS LLC
8153,BRE HOLDINGS LLC,BRE HOLDINGS LLC
8176,INTERNATIONAL MEXICO HOME INVESTORS LLC,INTERNATIONAL MEXICO HOME INVESTORS LLC
8180,NEMAD LLC,NEMAD LLC
8199,SSE DEVELOPMENT AZ LLC,SSE DEVELOPMENT AZ LLC
8201,ENDLESS POSSIBILITIES LLC,ENDLESS POSSIBILITIES LLC
8225,LA COMPANIA IZTAPALAPA LLC,LA COMPANIA IZTAPALAPA LLC
8236,SCHWARY ENTERPRISES LLC,SCHWARY ENTERPRISES LLC
8237,RENEW MILWAUKEE LLC,RENEW MILWAUKEE LLC
8240,SIXTEENTH DRIVE APARTMENTS LLC,SIXTEENTH DRIVE APARTMENTS LLC
8241,SIXTEENTH DRIVE APARTMENTS II LLC,SIXTEENTH DRIVE APARTMENTS II LLC
8258,,MUTSCHLER INVESTMENT COMPANY
8271,RWB RENTALS LLC,RWB RENTALS LLC
8273,,LOOKOUT MOUNTAIN REAL ESTATE LLC
8280,AMANI HOLDINGS LLC,AMANI HOLDINGS LLC
8285,ERMC PROPERTIES LLC,ERMC PROPERTIES LLC
8287,,HARTEN JEWELRY CORPORATION
8306,UNKEFER REAL ESTATE ENTERPRISES LLC,UNKEFER REAL ESTATE ENTERPRISES LLC
8315,2231 E BEVERLY LLC,2231 E BEVERLY LLC
8324,SUNNY MOUNTAIN PROPERTIES LLC,SUNNY MOUNTAIN PROPERTIES LLC
8329,AGOVA PROPERTIES LLC,AGOVA PROPERTIES LLC
8330,ADST INVESTMENT LLC,ADST INVESTMENT LLC
8332,MONTESSORI DAY SCHOOL INC,MONTESSORI DAY SCHOOL INC
8340,SAM W ABRAHAM REALTY LLC,SAM W ABRAHAM REALTY LLC
8342,PLEASANT MOUNTAIN INVESTMENTS LLC,PLEASANT MOUNTAIN INVESTMENTS LLC
8352,19TH WAY REAL ESTATE INVESTMENTS LLC,19TH WAY REAL ESTATE INVESTMENTS LLC
8387,SAVIN LLC,SAVIN LLC
8390,MR CAPITAL LLC,MR CAPITAL LLC
8409,DLLR PROPERTIES LLC,DLLR PROPERTIES LLC
8412,CANAL HOMES LLC,CANAL HOMES LLC
8413,SOLCITO INVESTMENTS LLC,SOLCITO INVESTMENTS LLC
8416,RIDINGS INVESTMENTS LLC,RIDINGS INVESTMENTS LLC
8426,CHASON DREAMS LLC,R & R 7 LLC
8431,EL CAMINO REAL ESTATE INVEST,EL CAMINO REAL ESTATE INVEST
8433,DONDO HOMES LLC,DONDO HOMES LLC
8439,RUTH PROPERTIES LLC,RUTH PROPERTIES LLC
8441,,DRAGON FUND LLC
8443,XL REFUNDS LLC,XL REFUNDS LLC
8445,DOYLE FAMILY RENTAL PROPERTIES LLC,DOYLE FAMILY RENTAL PROPERTIES LLC
8454,AAS INVESTMENTS LLC,AAS INVESTMENTS LLC
8455,YORKIE PROPERTIES LLC,YORKIE PROPERTIES LLC
8456,H & H CREATIVE HOME DESIGN LLC,H & H CREATIVE HOME DESIGN LLC
8457,HINTZE FAMILY FARM LLC,HINTZE FAMILY FARM LLC
8459,CAPRATA LLC,CAPRATA LLC
8477,PARRISH CALLABRESI LLC,PARRISH CALLABRESI LLC
8481,SELL SIMPLE LLC,SELL SIMPLE LLC
8482,ALLISON INVESTMENTS AZ LLC,ALLISON INVESTMENTS AZ LLC
8484,THIRD PERSPECTIVE LLC,THIRD PERSPECTIVE LLC
8488,QUIKBUYER LLC,QUIKBUYER LLC
8491,M&M DIESEL LLC,M&M DIESEL LLC
8492,EDWARDS FINANCIAL LLC,EDWARDS FINANCIAL LLC
8495,CLARK K CAPITAL LLC,CLARK K CAPITAL LLC
8496,FORTY THIRD-SIERRA GRANDE LLC,FORTY THIRD-SIERRA GRANDE LLC
8499,AZ BILTMORE HOLDINGS LLC,AZ BILTMORE HOLDINGS LLC
8503,MEDICAL MONITORING SERVICES INC,MEDICAL MONITORING SERVICES INC
8504,1425W12 LLC,1425W12 LLC
8506,SUES PROPERTIES LLC,SUES PROPERTIES LLC
8513,MEDSTAR LLC,MEDSTAR LLC
8522,HINTZE PROPERTIES LLC,HINTZE PROPERTIES LLC
8524,EL PASO HOLDINGS 4 LLC,EL PASO HOLDINGS 4 LLC
8525,PEIRICH LLC,PEIRICH LLC
8529,BAYLISS STREET PROPERTIES LLC,BAYLISS STREET PROPERTIES LLC
8533,AI VENTURES LLC,AI VENTURES LLC
8539,PV-V ACG MADISON LLC,PV-V ACG MADISON LLC
8547,SAMIR HOLDINGS INC,SAMIR HOLDINGS INC
8550,BUONA CASA LLC,BUONA CASA LLC
8553,TURTLE INVESTMENTS LLC,TURTLE INVESTMENTS LLC
8557,RMS 3601 DELCOA LLC,RMS 3601 DELCOA LLC
8563,NORTH 40 LLC,NORTH 40 LLC
8573,HILLWOOD HEALTHCARE CONSULTANTS INC,HILLWOOD HEALTHCARE CONSULTANTS INC
8592,FPI 2 LLC,FPI 2 LLC
8594,KDG PROPERTIES LLC,KDG PROPERTIES LLC
8597,STONE PROPERTY LLC,STONE PROPERTY LLC
8609,PET FRIENDLY PROPERTIES LLC,PET FRIENDLY PROPERTIES LLC
8621,DOUBLE J REAL ESTATE HOLDINGS LLC,DOUBLE J REAL ESTATE HOLDINGS LLC
8625,ESCHENZ PROPERTIES LLC,ESCHENZ PROPERTIES LLC
8626,SYMA GROUP LLC,SYMA GROUP LLC
8630,NEARMAN HOLDINGS LLC,NEARMAN HOLDINGS LLC
8632,GRABBER ORANGE LLC,GRABBER ORANGE LLC
8645,LEXCOR PROPERTIES LLC,LEXCOR PROPERTIES LLC
8647,SOCHEY LLC,SOCHEY LLC
8654,P MATHERS LLC,P MATHERS LLC
8667,COOLBROOK INVESTMENT GROUP LLC,COOLBROOK INVESTMENT GROUP LLC
8670,CARAWAY INVESTMENTS LLC,CARAWAY INVESTMENTS LLC
8674,JEP INVESTMENT TRUST,JEP INVESTMENT TRUST
8681,DESERT COVE REAL ESTATE INVESTMENTS LLC,DESERT COVE REAL ESTATE INVESTMENTS LLC
8682,FOUR CORNERS SOUTH LLC,FOUR CORNERS SOUTH LLC
8688,INVITATION HOMES,IH6 PROPERTY WEST LP
8689,PARADISE HOMES LLC,PARADISE HOMES LLC
8696,MBYD-3 LLC,MBYD-3 LLC
8712,HIRO INVESTMENTS LLC,HIRO INVESTMENTS LLC
8717,BABIL OUTFITTERS LLC,BABIL OUTFITTERS LLC
8733,VIC INVESTMENTS LLC,VIC INVESTMENTS LLC
8735,,CATALYST RESIDENTIAL LLC
8736,INVEST FOR TODAY LLC,INVEST FOR TODAY LLC
8757,LUCITTA LLC,LUCITTA LLC
8765,,CANDALE PROPERTY INVESTMENTS LLC
8768,PSE HOLDINGS LLC,PSE HOLDINGS LLC
8769,CHASON DREAMS LLC,F & F 1 LLC
8798,REBUILD THE BLOCK LLC,REBUILD THE BLOCK LLC
8801,PREMIER REAL ESTATE FUNDING LLC,PREMIER REAL ESTATE FUNDING LLC
8802,HOMELIGHT REAL ESTATE II LLC,HOMELIGHT REAL ESTATE II LLC
8808,NEO CLASSIC HOME LLC,NEO CLASSIC HOME LLC
8820,BALJJ HOLDINGS 1 LLC,BALJJ HOLDINGS 1 LLC
8823,P&W REALTY III LLC,P&W REALTY III LLC
8826,OTHMAN ENTERPRISE LLC,OTHMAN ENTERPRISE LLC
8829,PROGRESS RESIDENTIAL,PROGRESS RESIDENTIAL EXCHANGE BORROWER LLC
8835,NW PROPERTY TRUST,NW PROPERTY TRUST
8854,SOUTHWESTERN RESOURCES LLC,SOUTHWESTERN RESOURCES LLC
8862,ATLANTIS GROUP LLC,ATLANTIS GROUP LLC
8877,MAAS ARIZONA PROPERTIES LLC,MAAS ARIZONA PROPERTIES LLC
8878,JB AND JR INVESTMENTS LLC,JB AND JR INVESTMENTS LLC
8879,BELL PROPERTIES AND INVESTMENTS P C,BELL PROPERTIES AND INVESTMENTS P C
8880,,PARKLANE MARICOPA LP
8887,K&D LEASING AND DEVELOPMENT LLC,K&D LEASING AND DEVELOPMENT LLC
8888,DSA PROPERTIES-1 LLC,DSA PROPERTIES-1 LLC
8889,CHASON DREAMS LLC,F & F 2 LLC
8896,REHOBOTH INVESTMENTS LLC,REHOBOTH INVESTMENTS LLC
8905,PREMSATYA USA LLLP,PREMSATYA USA LLLP
8911,DUKE & DUKE ENTERPRISES LLC,DUKE & DUKE ENTERPRISES LLC
8913,2175 AGATE COURT LLC,2175 AGATE COURT LLC
8922,,KC HOMEBUILDERS LLC
8925,AMERICAN HOMES 4 RENT,AMH ROMAN TWO AZ LLC
8932,VON B LLC,VON B LLC
8934,DEENY INCORPORATED,DEENY INCORPORATED
8938,WALNUT ENTERPRISES LLC,WALNUT ENTERPRISES LLC
8957,GREG SANDERS AZ PROPERTIES LLC,GREG SANDERS AZ PROPERTIES LLC
8959,CAREFREE LEASING LLC,CAREFREE LEASING LLC
8963,VANLOY RENTALS LLC,VANLOY RENTALS LLC
8968,ACADIA COURT LLC,ACADIA COURT LLC
8970,BMC CAPITAL INVESTMENTS LLC,BMC CAPITAL INVESTMENTS LLC
8973,AUTHENTIC RESIDENTIAL LLC,AUTHENTIC RESIDENTIAL LLC
8979,OGDEN PROPERTY HOLDING LP,OGDEN PROPERTY HOLDING LP
8985,KALER PROPERTIES LLC,KALER PROPERTIES LLC
8986,ARBOR WAY LLC,ARBOR WAY LLC
8991,CAMBRIDGE PROPERTIES,KMKP LLC
9003,VIRTUAL HOME OFFERS LLC,VIRTUAL HOME OFFERS LLC
9009,HARMIN HOLDINGS LLC,HARMIN HOLDINGS LLC
9021,R G T L LLC,R G T L LLC
9031,MIMA INVESTMENTS LLC,MIMA INVESTMENTS LLC
9038,AZ LEGACY LLC,AZ LEGACY LLC
9046,HACIENDA PARK APARTMENTS LLC,HACIENDA PARK APARTMENTS LLC
9051,RAMADA INVESTMENTS LLC,RAMADA INVESTMENTS LLC
9079,PRICKLY PEAR PROPERTIES FOUR LLC,PRICKLY PEAR PROPERTIES FOUR LLC
9088,KC HOME BUILDERS LLC,KC HOME BUILDERS LLC
9090,JA AND RR JENSEN RENTALS LLC,JA AND RR JENSEN RENTALS LLC
9093,BHL PROPERTIES 1 LLC,BHL PROPERTIES 1 LLC
9102,LWW2 PROPERTY LLC,LWW2 PROPERTY LLC
9103,SAHHAR INVESTMENTS LLC,SAHHAR INVESTMENTS LLC
9105,KELLEY RENTAL PROPERTIES LLC,KELLEY RENTAL PROPERTIES LLC
9106,DSA PROPERTIES-2 LLC,DSA PROPERTIES-2 LLC
9108,REGION LLC,REGION LLC
9117,REDLANDS SUPPLY LLC,REDLANDS SUPPLY LLC
9128,RVM WY LLC,RVM WY LLC
9150,ALIZABETH RENTALS,ALIZABETH RENTALS
9167,PHOENIX NESTS LLC,PHOENIX NESTS LLC
9172,634 NORTH 21ST LANE LLC,634 NORTH 21ST LANE LLC
9182,AV RESIDENTIAL LLC,AV RESIDENTIAL LLC
9188,IRONSIDE HOLDINGS LLC,IRONSIDE HOLDINGS LLC
9215,EQUUS RIDGE ARIZONA LLC,EQUUS RIDGE ARIZONA LLC
9267,TRENDLINE INVESTMENTS LLC,TRENDLINE INVESTMENTS LLC
9273,SCOTTSDALE LUXURY GROUP,CHODOCK HOLDING LLC
9274,SIMPLIFY PROPERTIES II LLC,SIMPLIFY PROPERTIES II LLC
9276,,GRAND CANYON HOME RENTALS LLC
9279,FIRSTKEY HOMES,FKH SFR C2 LP
9297,VALLEY ALEGRE LLC,VALLEY ALEGRE LLC
9307,RJR SONORAN PROPERTIES,RJR SONORAN PROPERTIES
9323,SANCHEZ AND FILS LLC,SANCHEZ AND FILS LLC
9324,,MOON DANCE VENTURES LLC
9325,,DOYLE VENTURES LLC
9346,,NEW HOPE DP LLC
9350,SMATCH LLC,SMATCH LLC
9351,SANCHEZ & FILS LLC,SANCHEZ & FILS LLC
9361,,GATEWAY HOME RENTALS LLC
9362,,AZCA VALLEY HOLDINGS LLC
9363,123 INVESTMENTS LLC,123 INVESTMENTS LLC
9389,HERNANDEZ FAMILY LLC,HERNANDEZ FAMILY LLC
9422,NCR INVESTMENTS LLC,NCR INVESTMENTS LLC
9443,MOONEY PROPERTIES LLC,MOONEY PROPERTIES LLC
9523,CAI LLC,CAI LLC
9530,THE AMHERST GROUP LLC,TRANS AM SFE II LLC
9569,CBKG CAPITAL LLC,CBKG CAPITAL LLC
9597,MINOR REAL ESTATE HOLDINGS LLC,MINOR REAL ESTATE HOLDINGS LLC
9632,IM IN MUD LLC,IM IN MUD LLC
9660,WESTROCK FINANCIAL LLC,WESTROCK FINANCIAL LLC
9713,MCELRATH LLC,MCELRATH LLC
9737,K & J SIMO LLC,K & J SIMO LLC
9740,JKS RENTALS LLC,JKS RENTALS LLC
9746,ANDERSON DRIVE ENTERPRISES LLC,ANDERSON DRIVE ENTERPRISES LLC
9750,TWO ACS LLC,TWO ACS LLC
9787,DAE TARA DAE LLC,DAE TARA DAE LLC
9800,85023 GP LLC,85023 GP LLC
9801,DAR BUSINESS SOLUTIONS LLC,DAR BUSINESS SOLUTIONS LLC
9834,CONFINITY RETIREMENT LLC,CONFINITY RETIREMENT LLC
9919,AVEZ QUALITY HOUSING LLC,AVEZ QUALITY HOUSING LLC
9932,WILDMOON INVESTMENTS LLC,WILDMOON INVESTMENTS LLC
9958,AMAPA LLC,AMAPA LLC
9959,PHX REALTY MANAGEMENT LLC,PHX REALTY MANAGEMENT LLC
9964,AZ 11900 LLC,AZ 11900 LLC
9966,SAJR PROPERTIES LLC,SAJR PROPERTIES LLC
9967,,LOOKOUT MOUNTAIN RE LLC
9969,NINE PLACE LLC,NINE PLACE LLC
9976,MINUSHA ENTERPRISES LLC,MINUSHA ENTERPRISES LLC
9997,PONTIAC INVESTMENT LLC,PONTIAC INVESTMENT LLC
9998,HRHF-C1 LLC,HRHF-C1 LLC
10035,JAO PROPERTIES LLC,JAO PROPERTIES LLC
10039,SANTOS PROPERTIES LLC,SANTOS PROPERTIES LLC
10040,17202-17208 N 16TH AVE LLC,17202-17208 N 16TH AVE LLC
10057,BLACK CANYON ANESTHESIA PC PROFIT SHARING PLA,BLACK CANYON ANESTHESIA PC PROFIT SHARING PLA
10059,WISDOM INVESTMENT ONE LLC,WISDOM INVESTMENT ONE LLC
10067,SREG FUND LLC,SREG FUND LLC
10069,NARMMAC LLC,NARMMAC LLC
10084,DPH IRA LLC,DPH IRA LLC
10100,CACTUS FLOWER PROPERTIES LLC,CACTUS FLOWER PROPERTIES LLC
10130,DHF INVESTMENTS LLC,DHF INVESTMENTS LLC
10144,SERIES ONE PROPERTIES LLC,SERIES ONE PROPERTIES LLC
10154,HAZELWOOD STREET ENTERPRISES LLC,HAZELWOOD STREET ENTERPRISES LLC
10156,,MAGIC LLC
10183,SHAMES AZ LLC,SHAMES AZ LLC
10192,GLOBAL LIVING STYLES LLC,GLOBAL LIVING STYLES LLC
10219,CBSF HOLDINGS LP,CBSF HOLDINGS LP
10231,RMBK UTOPIA LLC,RMBK UTOPIA LLC
10328,RIO VERDE REALTY LLC,RIO VERDE REALTY LLC
10355,ENCINAS RIOS INVESTMENTS LLC,ENCINAS RIOS INVESTMENTS LLC
10361,KFAST LLC,KFAST LLC
10375,1120 ROCKWOOD LLC,1120 ROCKWOOD LLC
10383,F&F 1 LLC,F&F 1 LLC
10417,ROLEEN INVESTORS II LLC,ROLEEN INVESTORS II LLC
10440,BROMIAZ LP,BROMIAZ LP
10470,TJ HOPPY LLC,TJ HOPPY LLC
10499,JBKB PROPERTIES LLC,JBKB PROPERTIES LLC
10502,LPS CONSTRUCTION LLC,LPS CONSTRUCTION LLC
10524,FCAV PROPERTIES LLC,FCAV PROPERTIES LLC
10530,KCM 3 LLC,KCM 3 LLC
10539,YINGHONG INVESTMENTS LLC,YINGHONG INVESTMENTS LLC
10550,MANGO GROVE PROPERTIES LLC,MANGO GROVE PROPERTIES LLC
10556,BRANDY LAND LP,BRANDY LAND LP
10587,BROTHERS TRUST,BROTHERS TRUST
10588,MAKIN MIRACLES HAPPEN LLC,MAKIN MIRACLES HAPPEN LLC
10590,BERGMAN HOLDINGS LLC,BERGMAN HOLDINGS LLC
10593,J MASS INVESTMENTS LLC,J MASS INVESTMENTS LLC
10600,JATS 1 LLC,JATS 1 LLC
10603,,MT EVEREST CAPITAL LLC
10604,B & M PROPERTIES LLC,B & M PROPERTIES LLC
10606,APM HOLDINGS LLC,APM HOLDINGS LLC
10608,VAASTU INVESTMENTS LLC,VAASTU INVESTMENTS LLC
10615,PINNAZCLE LLC,PINNAZCLE LLC
10619,,JAMAD BENKA LP
10625,WALL-MCC LLC,WALL-MCC LLC
10630,DB RE 1 LLC,DB RE 1 LLC
10636,AZ FALLS LLC,AZ FALLS LLC
10638,630 LEX IV LLC,630 LEX IV LLC
10640,BBI PROPERTIES LLC,BBI PROPERTIES LLC
10643,WHK REALTY LLC,WHK REALTY LLC
10648,DRAMA LLC,DRAMA LLC
10655,ACONCAGUA CAPITAL LLC,ACONCAGUA CAPITAL LLC
10660,FITCH PROPERTIES LLC,FITCH PROPERTIES LLC
10703,ALPINE ROSE PROPERTIES LLC,ALPINE ROSE PROPERTIES LLC
10712,ROCAR II INVESTMENTS LLC,ROCAR II INVESTMENTS LLC
10714,RKMKC HOLDINGS LLC,RKMKC HOLDINGS LLC
10720,CAMBRIDGE PROPERTIES,LOTZ OF FUN LLC
10727,CAMBRIDGE PROPERTIES,MARYLAND TURTLE LLC
10733,BODMER-IVES PROPERTIES LLC,BODMER-IVES PROPERTIES LLC
10740,,WHITE RIVER INVESTMENTS LLC
10752,MDT 2 LLC,MDT 2 LLC
10754,ROWLEY BLUE WATER INVESTMENTS LLC,ROWLEY BLUE WATER INVESTMENTS LLC
10770,HAMMER HOMES INC,HAMMER HOMES INC
10778,,REAL ESTATE RABBIT LLC
10791,VANS INVESTMENTS LLC,VANS INVESTMENTS LLC
10803,PARS COMMERCIAL HOLDINGS LLC,PARS COMMERCIAL HOLDINGS LLC
10882,GHURE LLC,GHURE LLC
10890,,DBY PROPERTIES LLC
10931,EAST KIMBERLY LLC,EAST KIMBERLY LLC
10950,TONOPAH EXCHANGE LLC,TONOPAH EXCHANGE LLC
10971,BURKE REAL ESTATE LLC,BURKE REAL ESTATE LLC
10992,KENZOE HOLDINGS LLC,KENZOE HOLDINGS LLC
11026,TRICON AMERICAN HOMES,SFR JV-HD PROPERTY LLC
11056,PROPERTIES ABC LLC,PROPERTIES ABC LLC
11061,MIZRAHI GROUP LLC,MIZRAHI GROUP LLC
11069,TWO SPADES LLC,TWO SPADES LLC
11161,D & M DEVELOPMENT GROUP LLC,D & M DEVELOPMENT GROUP LLC
11171,ANGELA GP LLC,ANGELA GP LLC
11181,SEPER INVESTMENTS LLC,SEPER INVESTMENTS LLC
11214,COOLBROOK INVESTMENTS GROUP LLC,COOLBROOK INVESTMENTS GROUP LLC
11237,HAMMOND MCCORMISH LLC,HAMMOND MCCORMISH LLC
11266,BACHAN LLC,BACHAN LLC
11279,REVOCABLE PROPERTIES LLC,REVOCABLE PROPERTIES LLC
11294,RABADI 10TH LLC,RABADI 10TH LLC
11295,RABADI FOREST HILLS DRIVE LLC,RABADI FOREST HILLS DRIVE LLC
11333,QUALITY BUILDING MAINTENANCE LLC,QUALITY BUILDING MAINTENANCE LLC
11334,LASGISELIA LLC,LASGISELIA LLC
11366,LADIK FAMILY LLC,LADIK FAMILY LLC
11384,EMEKA AND ZION ESEMONU LLC,EMEKA AND ZION ESEMONU LLC
11389,ECHOFISH LLC,ECHOFISH LLC
11456,BLANCHE LLC,BLANCHE LLC
11642,BAKIAN ARIZONA PROPERTIES LLC,BAKIAN ARIZONA PROPERTIES LLC
11643,DIRECT SOURCE MANAGEMENT LLC,DIRECT SOURCE MANAGEMENT LLC
11645,FOOTHILL INVESTMENT LLC,FOOTHILL INVESTMENT LLC
11646,RJ DOHERTY HOLDINGS LLC,RJ DOHERTY HOLDINGS LLC
11658,AMBE MAA LLC,AMBE MAA LLC
11679,VARRIS LLC,VARRIS LLC
11683,KYH GROUP LLC,KYH GROUP LLC
11720,WK LAND COMPANY,WK LAND COMPANY
11802,ROQUE PROPERTIES II LLC,ROQUE PROPERTIES II LLC
11805,STELLAR PROPERTY LLC,STELLAR PROPERTY LLC
11806,OIG IV LLC,OIG IV LLC
11807,MARTIN CATHEDRAL ROCK VENTURES LLC,MARTIN CATHEDRAL ROCK VENTURES LLC
11813,MIETUS INVESTMENTS LLC,MIETUS INVESTMENTS LLC
11838,RUIQING LLC,RUIQING LLC
11887,KENNCO ENTERPRISES LLC,KENNCO ENTERPRISES LLC
11897,SOMMER INVESTMENTS LLC,SOMMER INVESTMENTS LLC
11908,FLIPERFECT LLC,FLIPERFECT LLC
11909,ETERNAL TJ RENTALS LLC,ETERNAL TJ RENTALS LLC
11913,NAMBE LLC,NAMBE LLC
11946,WHITING 1 AZ LLC,WHITING 1 AZ LLC
11948,DJ SHERLOCK INVESTMENTS LP,DJ SHERLOCK INVESTMENTS LP
11953,MWD RESIDENTIAL LLC,MWD RESIDENTIAL LLC
11957,CAPTAIN PROPERTIES LLC,CAPTAIN PROPERTIES LLC
11958,BE ME LLC,BE ME LLC
11959,NIKALY PROPERTIES LLC,NIKALY PROPERTIES LLC
11963,FOCUSED INVESTMENT GROUP LLC,FOCUSED INVESTMENT GROUP LLC
11964,AZ MARINERS REAL ESTATE LLC,AZ MARINERS REAL ESTATE LLC
11966,ETERNAL J DOUBLE JJ RENTALS LLC,ETERNAL J DOUBLE JJ RENTALS LLC
11988,PNG INVESTMENTS LLC,PNG INVESTMENTS LLC
11992,IMANI LLC,IMANI LLC
12002,VERSUS CAPITAL MGMT INC PROFIT SHARING PLAN,VERSUS CAPITAL MGMT INC PROFIT SHARING PLAN
12003,JH JEONG LLC,JH JEONG LLC
12042,CHANYUAN ENTERPRISE LLC,CHANYUAN ENTERPRISE LLC
12056,SHRI LAXMI LLC,SHRI LAXMI LLC
12057,GERALD L & MARLYN K HOMEWOOD FAMILY LLP #1,GERALD L & MARLYN K HOMEWOOD FAMILY LLP #1
12064,TWOSOME VENTURES LLC,TWOSOME VENTURES LLC
